CapIQ_Ticker,Pure_Ticker,CIK,Tag,Period,Value,Form,Filed_Date
NasdaqGS:ARCC,ARCC,0001287750,DebtInstrumentCarryingAmount,CY2021Q4I,11061000000,10-K,2023-02-07
NasdaqGS:ARCC,ARCC,0001287750,DebtInstrumentCarryingAmount,CY2022Q3I,11853000000,10-Q,2022-10-25
NasdaqGS:ARCC,ARCC,0001287750,DebtInstrumentCarryingAmount,CY2022Q4I,12245000000,10-K,2024-02-07
NasdaqGS:ARCC,ARCC,0001287750,DebtInstrumentCarryingAmount,CY2023Q1I,11196000000,10-Q,2023-04-25
NasdaqGS:ARCC,ARCC,0001287750,DebtInstrumentCarryingAmount,CY2023Q2I,11401000000,10-Q,2023-07-25
NasdaqGS:ARCC,ARCC,0001287750,DebtInstrumentCarryingAmount,CY2023Q3I,11558000000,10-Q,2023-10-24
NasdaqGS:ARCC,ARCC,0001287750,DebtInstrumentCarryingAmount,CY2023Q4I,11905000000,10-K,2025-02-05
NasdaqGS:ARCC,ARCC,0001287750,DebtInstrumentCarryingAmount,CY2024Q1I,11754000000,10-Q,2024-05-01
NasdaqGS:ARCC,ARCC,0001287750,DebtInstrumentCarryingAmount,CY2024Q2I,13034000000,10-Q,2024-07-30
NasdaqGS:ARCC,ARCC,0001287750,DebtInstrumentCarryingAmount,CY2024Q3I,13487000000,10-Q,2024-10-30
NasdaqGS:ARCC,ARCC,0001287750,DebtInstrumentCarryingAmount,CY2024Q4I,13789000000,10-K,2026-02-04
NasdaqGS:ARCC,ARCC,0001287750,DebtInstrumentCarryingAmount,CY2025Q1I,13948000000,10-Q,2025-04-29
NasdaqGS:ARCC,ARCC,0001287750,DebtInstrumentCarryingAmount,CY2025Q2I,14114000000,10-Q,2025-07-29
NasdaqGS:ARCC,ARCC,0001287750,DebtInstrumentCarryingAmount,CY2025Q3I,15615000000,10-Q,2025-10-28
NasdaqGS:ARCC,ARCC,0001287750,DebtInstrumentCarryingAmount,CY2025Q4I,16012000000,10-Q,2026-04-28
NasdaqGS:ARCC,ARCC,0001287750,DebtInstrumentCarryingAmount,CY2026Q1I,15927000000,10-Q,2026-04-28
NasdaqGS:ARCC,ARCC,0001287750,DebtInstrumentFaceAmount,CY2021Q4I,15248000000,10-K,2023-02-07
NasdaqGS:ARCC,ARCC,0001287750,DebtInstrumentFaceAmount,CY2022Q3I,16221000000,10-Q,2022-10-25
NasdaqGS:ARCC,ARCC,0001287750,DebtInstrumentFaceAmount,CY2022Q4I,16221000000,10-K,2024-02-07
NasdaqGS:ARCC,ARCC,0001287750,DebtInstrumentFaceAmount,CY2023Q1I,15671000000,10-Q,2023-04-25
NasdaqGS:ARCC,ARCC,0001287750,DebtInstrumentFaceAmount,CY2023Q2I,15876000000,10-Q,2023-07-25
NasdaqGS:ARCC,ARCC,0001287750,DebtInstrumentFaceAmount,CY2023Q3I,16476000000,10-Q,2023-10-24
NasdaqGS:ARCC,ARCC,0001287750,DebtInstrumentFaceAmount,CY2023Q4I,16851000000,10-K,2025-02-05
NasdaqGS:ARCC,ARCC,0001287750,DebtInstrumentFaceAmount,CY2024Q1I,17298000000,10-Q,2024-05-01
NasdaqGS:ARCC,ARCC,0001287750,DebtInstrumentFaceAmount,CY2024Q2I,17629000000,10-Q,2024-07-30
NasdaqGS:ARCC,ARCC,0001287750,DebtInstrumentFaceAmount,CY2024Q3I,18029000000,10-Q,2024-10-30
NasdaqGS:ARCC,ARCC,0001287750,DebtInstrumentFaceAmount,CY2024Q4I,18948000000,10-K,2026-02-04
NasdaqGS:ARCC,ARCC,0001287750,DebtInstrumentFaceAmount,CY2025Q1I,19348000000,10-Q,2025-04-29
NasdaqGS:ARCC,ARCC,0001287750,DebtInstrumentFaceAmount,CY2025Q2I,20978000000,10-Q,2025-07-29
NasdaqGS:ARCC,ARCC,0001287750,DebtInstrumentFaceAmount,CY2025Q3I,20878000000,10-Q,2025-10-28
NasdaqGS:ARCC,ARCC,0001287750,DebtInstrumentFaceAmount,CY2025Q4I,21578000000,10-Q,2026-04-28
NasdaqGS:ARCC,ARCC,0001287750,DebtInstrumentFaceAmount,CY2026Q1I,21497000000,10-Q,2026-04-28
NYSE:BCSF,BCSF,0001655050,LineOfCreditFacilityMaximumBorrowingCapacity,CY2024Q2I,1500000000,10-Q,2026-05-11
NYSE:BCSF,BCSF,0001655050,DebtInstrumentCarryingAmount,CY2021Q4I,1430700000,10-K,2023-02-28
NYSE:BCSF,BCSF,0001655050,DebtInstrumentCarryingAmount,CY2022Q3I,1370500000,10-Q,2022-11-09
NYSE:BCSF,BCSF,0001655050,DebtInstrumentCarryingAmount,CY2022Q4I,1395500000,10-K,2024-02-27
NYSE:BCSF,BCSF,0001655050,DebtInstrumentCarryingAmount,CY2023Q1I,1417500000,10-Q,2023-05-09
NYSE:BCSF,BCSF,0001655050,DebtInstrumentCarryingAmount,CY2023Q2I,1498500000,10-Q,2023-08-08
NYSE:BCSF,BCSF,0001655050,DebtInstrumentCarryingAmount,CY2023Q3I,1378500000,10-Q,2023-11-06
NYSE:BCSF,BCSF,0001655050,DebtInstrumentCarryingAmount,CY2023Q4I,1263500000,10-K,2025-02-27
NYSE:BCSF,BCSF,0001655050,DebtInstrumentCarryingAmount,CY2024Q1I,1364500000,10-Q,2024-05-06
NYSE:BCSF,BCSF,0001655050,DebtInstrumentCarryingAmount,CY2024Q2I,1180200000,10-Q,2024-08-06
NYSE:BCSF,BCSF,0001655050,DebtInstrumentCarryingAmount,CY2024Q3I,1306199000,10-Q,2024-11-05
NYSE:BCSF,BCSF,0001655050,DebtInstrumentCarryingAmount,CY2024Q4I,1395199000,10-K,2026-02-27
NYSE:BCSF,BCSF,0001655050,DebtInstrumentCarryingAmount,CY2025Q1I,1458500000,10-Q,2025-05-05
NYSE:BCSF,BCSF,0001655050,DebtInstrumentCarryingAmount,CY2025Q2I,1565500000,10-Q,2025-08-05
NYSE:BCSF,BCSF,0001655050,DebtInstrumentCarryingAmount,CY2025Q3I,1498615000,10-Q,2025-11-10
NYSE:BCSF,BCSF,0001655050,DebtInstrumentCarryingAmount,CY2025Q4I,1473000000,10-Q,2026-05-11
NYSE:BCSF,BCSF,0001655050,DebtInstrumentCarryingAmount,CY2026Q1I,1467000000,10-Q,2026-05-11
NYSE:BCSF,BCSF,0001655050,DebtInstrumentFaceAmount,CY2021Q4I,1818200000,10-K,2023-02-28
NYSE:BCSF,BCSF,0001655050,DebtInstrumentFaceAmount,CY2022Q3I,1637500000,10-Q,2022-11-09
NYSE:BCSF,BCSF,0001655050,DebtInstrumentFaceAmount,CY2022Q4I,1667500000,10-K,2024-02-27
NYSE:BCSF,BCSF,0001655050,DebtInstrumentFaceAmount,CY2023Q1I,1617500000,10-Q,2023-05-09
NYSE:BCSF,BCSF,0001655050,DebtInstrumentFaceAmount,CY2023Q2I,1617500000,10-Q,2023-08-08
NYSE:BCSF,BCSF,0001655050,DebtInstrumentFaceAmount,CY2023Q3I,1617500000,10-Q,2023-11-06
NYSE:BCSF,BCSF,0001655050,DebtInstrumentFaceAmount,CY2023Q4I,1617500000,10-K,2025-02-27
NYSE:BCSF,BCSF,0001655050,DebtInstrumentFaceAmount,CY2024Q1I,1617500000,10-Q,2024-05-06
NYSE:BCSF,BCSF,0001655050,DebtInstrumentFaceAmount,CY2024Q2I,1807500000,10-Q,2024-08-06
NYSE:BCSF,BCSF,0001655050,DebtInstrumentFaceAmount,CY2024Q3I,1807500000,10-Q,2024-11-05
NYSE:BCSF,BCSF,0001655050,DebtInstrumentFaceAmount,CY2024Q4I,1807500000,10-K,2026-02-27
NYSE:BCSF,BCSF,0001655050,DebtInstrumentFaceAmount,CY2025Q1I,2157500000,10-Q,2025-05-05
NYSE:BCSF,BCSF,0001655050,DebtInstrumentFaceAmount,CY2025Q2I,2157500000,10-Q,2025-08-05
NYSE:BCSF,BCSF,0001655050,DebtInstrumentFaceAmount,CY2025Q3I,1955615000,10-Q,2025-11-10
NYSE:BCSF,BCSF,0001655050,DebtInstrumentFaceAmount,CY2025Q4I,2077000000,10-Q,2026-05-11
NYSE:BCSF,BCSF,0001655050,DebtInstrumentFaceAmount,CY2026Q1I,2127000000,10-Q,2026-05-11
NasdaqGS:BCIC,BCIC,0001372807,DebtInstrumentFaceAmount,CY2022Q1I,352434000,10-Q,2022-11-08
NasdaqGS:BCIC,BCIC,0001372807,DebtInstrumentFaceAmount,CY2022Q2I,364934000,10-Q,2022-11-08
NasdaqGS:BCIC,BCIC,0001372807,DebtInstrumentFaceAmount,CY2024Q4I,267479000,10-K,2026-03-05
NasdaqGS:TCPC,TCPC,0001370755,LineOfCreditFacilityMaximumBorrowingCapacity,CY2021Q4I,1374859906,10-K,2023-02-28
NasdaqGS:TCPC,TCPC,0001370755,LineOfCreditFacilityMaximumBorrowingCapacity,CY2022Q3I,1235120857,10-Q,2022-11-03
NasdaqGS:TCPC,TCPC,0001370755,LineOfCreditFacilityMaximumBorrowingCapacity,CY2022Q4I,1235172261,10-K,2024-02-29
NasdaqGS:TCPC,TCPC,0001370755,LineOfCreditFacilityMaximumBorrowingCapacity,CY2023Q1I,1235224315,10-Q,2023-05-04
NasdaqGS:TCPC,TCPC,0001370755,LineOfCreditFacilityMaximumBorrowingCapacity,CY2023Q2I,1235277663,10-Q,2023-08-03
NasdaqGS:TCPC,TCPC,0001370755,LineOfCreditFacilityMaximumBorrowingCapacity,CY2023Q3I,1235331680,10-Q,2023-11-02
NasdaqGS:TCPC,TCPC,0001370755,LineOfCreditFacilityMaximumBorrowingCapacity,CY2023Q4I,1235387022,10-K,2025-02-27
NasdaqGS:TCPC,TCPC,0001370755,LineOfCreditFacilityMaximumBorrowingCapacity,CY2024Q1I,1592444261,10-Q,2024-05-01
NasdaqGS:TCPC,TCPC,0001370755,LineOfCreditFacilityMaximumBorrowingCapacity,CY2024Q2I,1913941615,10-Q,2024-08-07
NasdaqGS:TCPC,TCPC,0001370755,LineOfCreditFacilityMaximumBorrowingCapacity,CY2024Q3I,1645587807,10-Q,2024-11-06
NasdaqGS:TCPC,TCPC,0001370755,LineOfCreditFacilityMaximumBorrowingCapacity,CY2024Q4I,1645644038,10-K,2026-02-27
NasdaqGS:TCPC,TCPC,0001370755,LineOfCreditFacilityMaximumBorrowingCapacity,CY2025Q1I,1636203300,10-Q,2025-05-08
NasdaqGS:TCPC,TCPC,0001370755,LineOfCreditFacilityMaximumBorrowingCapacity,CY2025Q2I,1636263994,10-Q,2025-08-07
NasdaqGS:TCPC,TCPC,0001370755,LineOfCreditFacilityMaximumBorrowingCapacity,CY2025Q3I,1523541147,10-Q,2025-11-06
NasdaqGS:TCPC,TCPC,0001370755,LineOfCreditFacilityMaximumBorrowingCapacity,CY2025Q4I,1523629517,10-Q,2026-05-07
NasdaqGS:TCPC,TCPC,0001370755,LineOfCreditFacilityMaximumBorrowingCapacity,CY2026Q1I,1194767041,10-Q,2026-05-07
NYSE:BXSL,BXSL,0001736035,DebtInstrumentCarryingAmount,CY2021Q4I,5544328000,10-K,2023-02-27
NYSE:BXSL,BXSL,0001736035,DebtInstrumentCarryingAmount,CY2022Q3I,5550616000,10-Q,2022-11-10
NYSE:BXSL,BXSL,0001736035,DebtInstrumentCarryingAmount,CY2022Q4I,5563003000,10-K,2024-02-28
NYSE:BXSL,BXSL,0001736035,DebtInstrumentCarryingAmount,CY2023Q1I,5484594000,10-Q,2023-05-10
NYSE:BXSL,BXSL,0001736035,DebtInstrumentCarryingAmount,CY2023Q2I,5008143000,10-Q,2023-08-09
NYSE:BXSL,BXSL,0001736035,DebtInstrumentCarryingAmount,CY2023Q3I,4990395000,10-Q,2023-11-08
NYSE:BXSL,BXSL,0001736035,DebtInstrumentCarryingAmount,CY2023Q4I,4937883000,10-K,2025-02-26
NYSE:BXSL,BXSL,0001736035,DebtInstrumentCarryingAmount,CY2024Q1I,5298027000,10-Q,2024-05-08
NYSE:BXSL,BXSL,0001736035,DebtInstrumentCarryingAmount,CY2024Q2I,6111716000,10-Q,2024-08-07
NYSE:BXSL,BXSL,0001736035,DebtInstrumentCarryingAmount,CY2024Q3I,6402747000,10-Q,2024-11-12
NYSE:BXSL,BXSL,0001736035,DebtInstrumentCarryingAmount,CY2024Q4I,7093864000,10-K,2026-02-25
NYSE:BXSL,BXSL,0001736035,DebtInstrumentCarryingAmount,CY2025Q1I,7414450000,10-Q,2025-05-07
NYSE:BXSL,BXSL,0001736035,DebtInstrumentCarryingAmount,CY2025Q2I,7107646000,10-Q,2025-08-06
NYSE:BXSL,BXSL,0001736035,DebtInstrumentCarryingAmount,CY2025Q3I,7669446000,10-Q,2025-11-10
NYSE:BXSL,BXSL,0001736035,DebtInstrumentCarryingAmount,CY2025Q4I,8100621000,10-Q,2026-05-07
NYSE:BXSL,BXSL,0001736035,DebtInstrumentCarryingAmount,CY2026Q1I,8075815000,10-Q,2026-05-07
NYSE:BXSL,BXSL,0001736035,DebtInstrumentFaceAmount,CY2021Q4I,6250000000,10-K,2023-02-27
NYSE:BXSL,BXSL,0001736035,DebtInstrumentFaceAmount,CY2022Q3I,6550000000,10-Q,2022-11-10
NYSE:BXSL,BXSL,0001736035,DebtInstrumentFaceAmount,CY2022Q4I,6550000000,10-K,2024-02-28
NYSE:BXSL,BXSL,0001736035,DebtInstrumentFaceAmount,CY2023Q1I,6550000000,10-Q,2023-05-10
NYSE:BXSL,BXSL,0001736035,DebtInstrumentFaceAmount,CY2023Q2I,6700000000,10-Q,2023-08-09
NYSE:BXSL,BXSL,0001736035,DebtInstrumentFaceAmount,CY2023Q3I,6300000000,10-Q,2023-11-08
NYSE:BXSL,BXSL,0001736035,DebtInstrumentFaceAmount,CY2023Q4I,6600000000,10-K,2025-02-26
NYSE:BXSL,BXSL,0001736035,DebtInstrumentFaceAmount,CY2024Q1I,6600000000,10-Q,2024-05-08
NYSE:BXSL,BXSL,0001736035,DebtInstrumentFaceAmount,CY2024Q2I,7000000000,10-Q,2024-08-07
NYSE:BXSL,BXSL,0001736035,DebtInstrumentFaceAmount,CY2024Q3I,7300000000,10-Q,2024-11-12
NYSE:BXSL,BXSL,0001736035,DebtInstrumentFaceAmount,CY2024Q4I,9307500000,10-K,2026-02-25
NYSE:BXSL,BXSL,0001736035,DebtInstrumentFaceAmount,CY2025Q1I,9807500000,10-Q,2025-05-07
NYSE:BXSL,BXSL,0001736035,DebtInstrumentFaceAmount,CY2025Q2I,9907500000,10-Q,2025-08-06
NYSE:BXSL,BXSL,0001736035,DebtInstrumentFaceAmount,CY2025Q3I,10007500000,10-Q,2025-11-10
NYSE:BXSL,BXSL,0001736035,DebtInstrumentFaceAmount,CY2025Q4I,10507500000,10-Q,2026-05-07
NYSE:BXSL,BXSL,0001736035,DebtInstrumentFaceAmount,CY2026Q1I,10207500000,10-Q,2026-05-07
NYSE:OBDC,OBDC,0001655888,DebtInstrumentCarryingAmount,CY2021Q4I,7170813000,10-K,2023-02-22
NYSE:OBDC,OBDC,0001655888,DebtInstrumentCarryingAmount,CY2022Q3I,7369672000,10-Q,2022-11-02
NYSE:OBDC,OBDC,0001655888,DebtInstrumentCarryingAmount,CY2022Q4I,7443419000,10-K,2024-02-21
NYSE:OBDC,OBDC,0001655888,DebtInstrumentCarryingAmount,CY2023Q1I,7530327000,10-Q,2023-05-10
NYSE:OBDC,OBDC,0001655888,DebtInstrumentCarryingAmount,CY2023Q2I,7176450000,10-Q,2023-08-09
NYSE:OBDC,OBDC,0001655888,DebtInstrumentCarryingAmount,CY2023Q4I,7201927000,10-K,2025-02-19
NYSE:OBDC,OBDC,0001655888,DebtInstrumentCarryingAmount,CY2024Q1I,7023730000,10-Q,2024-05-08
NYSE:OBDC,OBDC,0001655888,DebtInstrumentCarryingAmount,CY2024Q2I,7548526000,10-Q,2024-08-07
NYSE:OBDC,OBDC,0001655888,DebtInstrumentCarryingAmount,CY2024Q3I,7836556000,10-Q,2024-11-06
NYSE:OBDC,OBDC,0001655888,DebtInstrumentCarryingAmount,CY2024Q4I,7578620000,10-K,2026-02-18
NYSE:OBDC,OBDC,0001655888,DebtInstrumentCarryingAmount,CY2025Q1I,10285489000,10-Q,2025-05-07
NYSE:OBDC,OBDC,0001655888,DebtInstrumentCarryingAmount,CY2025Q2I,9339625000,10-Q,2025-08-06
NYSE:OBDC,OBDC,0001655888,DebtInstrumentCarryingAmount,CY2025Q3I,9627325000,10-Q,2025-11-05
NYSE:OBDC,OBDC,0001655888,DebtInstrumentCarryingAmount,CY2025Q4I,9390288000,10-Q,2026-05-06
NYSE:OBDC,OBDC,0001655888,DebtInstrumentCarryingAmount,CY2026Q1I,8544273000,10-Q,2026-05-06
NYSE:OTF,OTF,0001747777,DebtInstrumentCarryingAmount,CY2022Q4I,3190895000,10-K,2024-03-06
NYSE:OTF,OTF,0001747777,DebtInstrumentCarryingAmount,CY2023Q1I,3244821000,10-Q,2023-05-12
NYSE:OTF,OTF,0001747777,DebtInstrumentCarryingAmount,CY2023Q2I,2958438000,10-Q,2023-08-11
NYSE:OTF,OTF,0001747777,DebtInstrumentCarryingAmount,CY2023Q3I,2957698000,10-Q,2023-11-13
NYSE:OTF,OTF,0001747777,DebtInstrumentCarryingAmount,CY2023Q4I,2982393000,10-K,2025-03-06
NYSE:OTF,OTF,0001747777,DebtInstrumentCarryingAmount,CY2024Q1I,2988038000,10-Q,2024-05-10
NYSE:OTF,OTF,0001747777,DebtInstrumentCarryingAmount,CY2024Q2I,2910038000,10-Q,2024-08-09
NYSE:OTF,OTF,0001747777,DebtInstrumentCarryingAmount,CY2024Q3I,2990472000,10-Q,2024-11-08
NYSE:OTF,OTF,0001747777,DebtInstrumentCarryingAmount,CY2024Q4I,2952004000,10-K,2026-02-18
NYSE:OTF,OTF,0001747777,DebtInstrumentCarryingAmount,CY2025Q1I,5200039000,10-Q,2025-05-12
NYSE:OTF,OTF,0001747777,DebtInstrumentCarryingAmount,CY2025Q2I,4809509000,10-Q,2025-08-06
NYSE:OTF,OTF,0001747777,DebtInstrumentCarryingAmount,CY2025Q3I,5019509000,10-Q,2025-11-05
NYSE:OTF,OTF,0001747777,DebtInstrumentCarryingAmount,CY2025Q4I,6344500000,10-Q,2026-05-06
NYSE:OTF,OTF,0001747777,DebtInstrumentCarryingAmount,CY2026Q1I,6974500000,10-Q,2026-05-06
NasdaqGS:CSWC,CSWC,0000017313,DebtInstrumentCarryingAmount,CY2022Q1I,535000000,10-K,2023-05-23
NasdaqGS:CSWC,CSWC,0000017313,DebtInstrumentCarryingAmount,CY2022Q3I,610000000,10-Q,2022-11-01
NasdaqGS:CSWC,CSWC,0000017313,DebtInstrumentCarryingAmount,CY2022Q4I,619000000,10-Q,2023-01-31
NasdaqGS:CSWC,CSWC,0000017313,DebtInstrumentCarryingAmount,CY2023Q1I,645000000,10-K,2024-05-21
NasdaqGS:CSWC,CSWC,0000017313,DebtInstrumentCarryingAmount,CY2023Q2I,681875000,10-Q,2023-08-08
NasdaqGS:CSWC,CSWC,0000017313,DebtInstrumentCarryingAmount,CY2023Q3I,741875000,10-Q,2023-10-31
NasdaqGS:CSWC,CSWC,0000017313,DebtInstrumentCarryingAmount,CY2023Q4I,686875000,10-Q,2024-01-30
NasdaqGS:CSWC,CSWC,0000017313,DebtInstrumentCarryingAmount,CY2024Q1I,779875000,10-K,2025-05-20
NasdaqGS:CSWC,CSWC,0000017313,DebtInstrumentCarryingAmount,CY2024Q2I,743875000,10-Q,2024-08-06
NasdaqGS:CSWC,CSWC,0000017313,DebtInstrumentCarryingAmount,CY2024Q3I,792875000,10-Q,2024-10-29
NasdaqGS:CSWC,CSWC,0000017313,DebtInstrumentCarryingAmount,CY2024Q4I,934875000,10-Q,2025-02-04
NasdaqGS:CSWC,CSWC,0000017313,DebtInstrumentCarryingAmount,CY2025Q1I,969875000,10-K,2026-05-19
NasdaqGS:CSWC,CSWC,0000017313,DebtInstrumentCarryingAmount,CY2025Q2I,938875000,10-Q,2025-08-07
NasdaqGS:CSWC,CSWC,0000017313,DebtInstrumentCarryingAmount,CY2025Q3I,1053875000,10-Q,2025-11-03
NasdaqGS:CSWC,CSWC,0000017313,DebtInstrumentCarryingAmount,CY2025Q4I,1089000000,10-Q,2026-02-02
NasdaqGS:CSWC,CSWC,0000017313,DebtInstrumentCarryingAmount,CY2026Q1I,1148000000,10-K,2026-05-19
NasdaqGS:CGBD,CGBD,0001544206,LineOfCreditFacilityMaximumBorrowingCapacity,CY2021Q4I,688000000,10-K,2023-02-27
NasdaqGS:CGBD,CGBD,0001544206,LineOfCreditFacilityMaximumBorrowingCapacity,CY2022Q3I,688000000,10-Q,2022-11-08
NasdaqGS:CGBD,CGBD,0001544206,LineOfCreditFacilityMaximumBorrowingCapacity,CY2022Q4I,688000000,10-K,2023-02-27
NasdaqGS:CGBD,CGBD,0001544206,DebtInstrumentCarryingAmount,CY2022Q4I,1079641000,10-K,2024-02-26
NasdaqGS:CGBD,CGBD,0001544206,DebtInstrumentCarryingAmount,CY2023Q4I,984556000,10-K,2025-02-25
NasdaqGS:CGBD,CGBD,0001544206,DebtInstrumentCarryingAmount,CY2024Q1I,935257000,10-Q,2024-05-07
NasdaqGS:CGBD,CGBD,0001544206,DebtInstrumentCarryingAmount,CY2024Q2I,911230000,10-Q,2024-08-05
NasdaqGS:CGBD,CGBD,0001544206,DebtInstrumentCarryingAmount,CY2024Q3I,852593000,10-Q,2024-11-05
NasdaqGS:CGBD,CGBD,0001544206,DebtInstrumentCarryingAmount,CY2024Q4I,978439000,10-K,2026-02-24
NasdaqGS:CGBD,CGBD,0001544206,DebtInstrumentCarryingAmount,CY2025Q1I,1259169000,10-Q,2025-05-06
NasdaqGS:CGBD,CGBD,0001544206,DebtInstrumentCarryingAmount,CY2025Q2I,1318615000,10-Q,2025-08-05
NasdaqGS:CGBD,CGBD,0001544206,DebtInstrumentCarryingAmount,CY2025Q3I,1315719000,10-Q,2025-11-04
NasdaqGS:CGBD,CGBD,0001544206,DebtInstrumentCarryingAmount,CY2025Q4I,1543660000,10-Q,2026-05-11
NasdaqGS:CGBD,CGBD,0001544206,DebtInstrumentCarryingAmount,CY2026Q1I,1395319000,10-Q,2026-05-11
NYSE:CION,CION,0001534254,LineOfCreditFacilityMaximumBorrowingCapacity,CY2022Q3I,957500000,10-Q,2022-11-10
NYSE:CION,CION,0001534254,LineOfCreditFacilityMaximumBorrowingCapacity,CY2022Q4I,957500000,10-K,2023-03-16
NYSE:CION,CION,0001534254,LineOfCreditFacilityMaximumBorrowingCapacity,CY2023Q1I,1010712000,10-Q,2023-05-10
NYSE:CION,CION,0001534254,LineOfCreditFacilityMaximumBorrowingCapacity,CY2023Q2I,985712000,10-Q,2023-08-09
NYSE:CION,CION,0001534254,LineOfCreditFacilityMaximumBorrowingCapacity,CY2023Q3I,1008212000,10-Q,2023-11-09
NYSE:CION,CION,0001534254,LineOfCreditFacilityMaximumBorrowingCapacity,CY2023Q4I,1092344000,10-K,2024-03-14
NYSE:CION,CION,0001534254,LineOfCreditFacilityMaximumBorrowingCapacity,CY2024Q1I,1069844000,10-Q,2024-05-09
NYSE:CION,CION,0001534254,LineOfCreditFacilityMaximumBorrowingCapacity,CY2024Q2I,1069844000,10-Q,2024-08-08
NYSE:CION,CION,0001534254,LineOfCreditFacilityMaximumBorrowingCapacity,CY2024Q3I,1069844000,10-Q,2024-11-07
NYSE:CION,CION,0001534254,LineOfCreditFacilityMaximumBorrowingCapacity,CY2024Q4I,1117344000,10-K,2025-03-13
NYSE:CION,CION,0001534254,DebtInstrumentCarryingAmount,CY2025Q1I,1117344000,10-Q,2025-05-08
NYSE:CION,CION,0001534254,DebtInstrumentCarryingAmount,CY2025Q2I,1117344000,10-Q,2025-08-07
NYSE:CION,CION,0001534254,DebtInstrumentCarryingAmount,CY2025Q3I,1092344000,10-Q,2025-11-06
NYSE:CION,CION,0001534254,DebtInstrumentCarryingAmount,CY2025Q4I,1139844000,10-K,2026-03-12
NYSE:CION,CION,0001534254,DebtInstrumentCarryingAmount,CY2026Q1I,1174844000,10-Q,2026-05-07
NasdaqGM:CCAP,CCAP,0001633336,LineOfCreditFacilityMaximumBorrowingCapacity,CY2021Q4I,835000000,10-K,2023-02-22
NasdaqGM:CCAP,CCAP,0001633336,LineOfCreditFacilityMaximumBorrowingCapacity,CY2022Q3I,885000000,10-Q,2022-11-09
NasdaqGM:CCAP,CCAP,0001633336,LineOfCreditFacilityMaximumBorrowingCapacity,CY2022Q4I,885000000,10-K,2024-02-21
NasdaqGM:CCAP,CCAP,0001633336,LineOfCreditFacilityMaximumBorrowingCapacity,CY2023Q1I,1181600000,10-Q,2023-05-10
NasdaqGM:CCAP,CCAP,0001633336,LineOfCreditFacilityMaximumBorrowingCapacity,CY2023Q2I,1181600000,10-Q,2023-08-09
NasdaqGM:CCAP,CCAP,0001633336,LineOfCreditFacilityMaximumBorrowingCapacity,CY2023Q3I,1181600000,10-Q,2023-11-08
NasdaqGM:CCAP,CCAP,0001633336,LineOfCreditFacilityMaximumBorrowingCapacity,CY2023Q4I,1181600000,10-K,2025-02-19
NasdaqGM:CCAP,CCAP,0001633336,LineOfCreditFacilityMaximumBorrowingCapacity,CY2024Q1I,1181600000,10-Q,2024-05-08
NasdaqGM:CCAP,CCAP,0001633336,LineOfCreditFacilityMaximumBorrowingCapacity,CY2024Q2I,1181600000,10-Q,2024-08-12
NasdaqGM:CCAP,CCAP,0001633336,LineOfCreditFacilityMaximumBorrowingCapacity,CY2024Q3I,1181600000,10-Q,2024-11-12
NasdaqGM:CCAP,CCAP,0001633336,LineOfCreditFacilityMaximumBorrowingCapacity,CY2024Q4I,1221600000,10-K,2026-02-25
NasdaqGM:CCAP,CCAP,0001633336,LineOfCreditFacilityMaximumBorrowingCapacity,CY2025Q1I,1221600000,10-Q,2025-05-14
NasdaqGM:CCAP,CCAP,0001633336,LineOfCreditFacilityMaximumBorrowingCapacity,CY2025Q2I,1121600000,10-Q,2025-08-13
NasdaqGM:CCAP,CCAP,0001633336,LineOfCreditFacilityMaximumBorrowingCapacity,CY2025Q3I,1121600000,10-Q,2025-11-12
NasdaqGM:CCAP,CCAP,0001633336,LineOfCreditFacilityMaximumBorrowingCapacity,CY2025Q4I,1121600000,10-Q,2026-05-13
NasdaqGM:CCAP,CCAP,0001633336,LineOfCreditFacilityMaximumBorrowingCapacity,CY2026Q1I,1121600000,10-Q,2026-05-13
NasdaqGM:CCAP,CCAP,0001633336,DebtInstrumentFaceAmount,CY2025Q4I,873761000,10-Q,2026-05-13
NasdaqGM:CCAP,CCAP,0001633336,DebtInstrumentFaceAmount,CY2026Q1I,907133000,10-Q,2026-05-13
NasdaqGS:FDUS,FDUS,0001513363,DebtInstrumentCarryingAmount,CY2021Q4I,357000000,10-K,2023-03-02
NasdaqGS:FDUS,FDUS,0001513363,DebtInstrumentCarryingAmount,CY2022Q3I,383000000,10-Q,2022-11-03
NasdaqGS:FDUS,FDUS,0001513363,DebtInstrumentCarryingAmount,CY2022Q4I,403000000,10-K,2024-02-29
NasdaqGS:FDUS,FDUS,0001513363,DebtInstrumentCarryingAmount,CY2023Q1I,430000000,10-Q,2023-05-04
NasdaqGS:FDUS,FDUS,0001513363,DebtInstrumentCarryingAmount,CY2023Q2I,462000000,10-Q,2023-08-03
NasdaqGS:FDUS,FDUS,0001513363,DebtInstrumentCarryingAmount,CY2023Q3I,438000000,10-Q,2023-11-02
NasdaqGS:FDUS,FDUS,0001513363,DebtInstrumentCarryingAmount,CY2023Q4I,460000000,10-K,2025-03-06
NasdaqGS:FDUS,FDUS,0001513363,DebtInstrumentCarryingAmount,CY2024Q1I,447500000,10-Q,2024-05-02
NasdaqGS:FDUS,FDUS,0001513363,DebtInstrumentCarryingAmount,CY2024Q2I,457500000,10-Q,2024-08-01
NasdaqGS:FDUS,FDUS,0001513363,DebtInstrumentCarryingAmount,CY2024Q3I,465000000,10-Q,2024-10-31
NasdaqGS:FDUS,FDUS,0001513363,DebtInstrumentCarryingAmount,CY2024Q4I,470000000,10-K,2026-02-26
NasdaqGS:FDUS,FDUS,0001513363,DebtInstrumentCarryingAmount,CY2025Q1I,532000000,10-Q,2025-05-08
NasdaqGS:FDUS,FDUS,0001513363,DebtInstrumentCarryingAmount,CY2025Q2I,527000000,10-Q,2025-08-07
NasdaqGS:FDUS,FDUS,0001513363,DebtInstrumentCarryingAmount,CY2025Q3I,531000000,10-Q,2025-11-06
NasdaqGS:FDUS,FDUS,0001513363,DebtInstrumentCarryingAmount,CY2025Q4I,646350000,10-Q,2026-05-07
NasdaqGS:FDUS,FDUS,0001513363,DebtInstrumentCarryingAmount,CY2026Q1I,670650000,10-Q,2026-05-07
NasdaqGS:FDUS,FDUS,0001513363,DebtInstrumentFaceAmount,CY2021Q4I,107000000,10-K,2023-03-02
NasdaqGS:FDUS,FDUS,0001513363,DebtInstrumentFaceAmount,CY2022Q3I,133000000,10-Q,2022-11-03
NasdaqGS:FDUS,FDUS,0001513363,DebtInstrumentFaceAmount,CY2022Q4I,153000000,10-K,2024-02-29
NasdaqGS:FDUS,FDUS,0001513363,DebtInstrumentFaceAmount,CY2023Q1I,165000000,10-Q,2023-05-04
NasdaqGS:FDUS,FDUS,0001513363,DebtInstrumentFaceAmount,CY2023Q2I,182000000,10-Q,2023-08-03
NasdaqGS:FDUS,FDUS,0001513363,DebtInstrumentFaceAmount,CY2023Q3I,188000000,10-Q,2023-11-02
NasdaqGS:FDUS,FDUS,0001513363,DebtInstrumentFaceAmount,CY2023Q4I,210000000,10-K,2025-03-06
NasdaqGS:FDUS,FDUS,0001513363,DebtInstrumentFaceAmount,CY2024Q1I,175000000,10-Q,2024-05-02
NasdaqGS:FDUS,FDUS,0001513363,DebtInstrumentFaceAmount,CY2024Q2I,175000000,10-Q,2024-08-01
NasdaqGS:FDUS,FDUS,0001513363,DebtInstrumentFaceAmount,CY2024Q3I,175000000,10-Q,2024-10-31
NasdaqGS:FDUS,FDUS,0001513363,DebtInstrumentFaceAmount,CY2024Q4I,175000000,10-K,2026-02-26
NasdaqGS:FDUS,FDUS,0001513363,DebtInstrumentFaceAmount,CY2025Q1I,182000000,10-Q,2025-05-08
NasdaqGS:FDUS,FDUS,0001513363,DebtInstrumentFaceAmount,CY2025Q2I,202000000,10-Q,2025-08-07
NasdaqGS:FDUS,FDUS,0001513363,DebtInstrumentFaceAmount,CY2025Q3I,191000000,10-Q,2025-11-06
NasdaqGS:FDUS,FDUS,0001513363,DebtInstrumentFaceAmount,CY2025Q4I,237500000,10-Q,2026-05-07
NasdaqGS:FDUS,FDUS,0001513363,DebtInstrumentFaceAmount,CY2026Q1I,260500000,10-Q,2026-05-07
OTCPK:FRBP,FRBP,0001825248,LineOfCreditFacilityMaximumBorrowingCapacity,CY2023Q3I,400000000,10-K,2024-03-15
NYSE:FSK,FSK,0001422183,DebtInstrumentCarryingAmount,CY2018Q4I,3397000000,10-K,2023-02-27
NYSE:FSK,FSK,0001422183,DebtInstrumentCarryingAmount,CY2019Q4I,4195000000,10-K,2024-02-26
NYSE:FSK,FSK,0001422183,DebtInstrumentCarryingAmount,CY2020Q4I,4042000000,10-K,2025-02-26
NYSE:FSK,FSK,0001422183,DebtInstrumentCarryingAmount,CY2021Q4I,9179000000,10-K,2026-02-25
NYSE:FSK,FSK,0001422183,DebtInstrumentCarryingAmount,CY2022Q3I,9176000000,10-Q,2022-11-07
NYSE:FSK,FSK,0001422183,DebtInstrumentCarryingAmount,CY2022Q4I,8731000000,10-K,2026-02-25
NYSE:FSK,FSK,0001422183,DebtInstrumentCarryingAmount,CY2023Q1I,8713000000,10-Q,2023-05-05
NYSE:FSK,FSK,0001422183,DebtInstrumentCarryingAmount,CY2023Q2I,8190000000,10-Q,2023-08-07
NYSE:FSK,FSK,0001422183,DebtInstrumentCarryingAmount,CY2023Q3I,8046000000,10-Q,2023-11-06
NYSE:FSK,FSK,0001422183,DebtInstrumentCarryingAmount,CY2023Q4I,8223000000,10-K,2026-02-25
NYSE:FSK,FSK,0001422183,DebtInstrumentCarryingAmount,CY2024Q1I,7968000000,10-Q,2025-05-07
NYSE:FSK,FSK,0001422183,DebtInstrumentCarryingAmount,CY2024Q2I,8001000000,10-Q,2025-08-06
NYSE:FSK,FSK,0001422183,DebtInstrumentCarryingAmount,CY2024Q3I,8084000000,10-Q,2025-11-05
NYSE:FSK,FSK,0001422183,DebtInstrumentCarryingAmount,CY2024Q4I,7385000000,10-K,2026-02-25
NYSE:FSK,FSK,0001422183,DebtInstrumentCarryingAmount,CY2025Q1I,8009000000,10-Q,2026-05-11
NYSE:FSK,FSK,0001422183,DebtInstrumentCarryingAmount,CY2025Q2I,8022000000,10-Q,2025-08-06
NYSE:FSK,FSK,0001422183,DebtInstrumentCarryingAmount,CY2025Q3I,7369000000,10-Q,2025-11-05
NYSE:FSK,FSK,0001422183,DebtInstrumentCarryingAmount,CY2025Q4I,7620000000,10-Q,2026-05-11
NYSE:FSK,FSK,0001422183,DebtInstrumentCarryingAmount,CY2026Q1I,7290000000,10-Q,2026-05-11
NasdaqGS:GLAD,GLAD,0001143513,DebtInstrumentCarryingAmount,CY2014Q3I,0,10-K,2023-11-13
NasdaqGS:GLAD,GLAD,0001143513,DebtInstrumentCarryingAmount,CY2015Q3I,0,10-K,2024-11-13
NasdaqGS:GLAD,GLAD,0001143513,DebtInstrumentCarryingAmount,CY2016Q3I,0,10-K,2025-11-17
NasdaqGS:GLAD,GLAD,0001143513,DebtInstrumentCarryingAmount,CY2017Q3I,0,10-K,2025-11-17
NasdaqGS:GLAD,GLAD,0001143513,DebtInstrumentCarryingAmount,CY2018Q3I,0,10-K,2025-11-17
NasdaqGS:GLAD,GLAD,0001143513,DebtInstrumentCarryingAmount,CY2019Q3I,57500000,10-K,2025-11-17
NasdaqGS:GLAD,GLAD,0001143513,DebtInstrumentCarryingAmount,CY2020Q3I,96313000,10-K,2025-11-17
NasdaqGS:GLAD,GLAD,0001143513,DebtInstrumentCarryingAmount,CY2021Q3I,188813000,10-K,2025-11-17
NasdaqGS:GLAD,GLAD,0001143513,DebtInstrumentCarryingAmount,CY2021Q4I,200000000,10-Q,2023-02-06
NasdaqGS:GLAD,GLAD,0001143513,DebtInstrumentCarryingAmount,CY2022Q1I,200000000,10-Q,2023-05-02
NasdaqGS:GLAD,GLAD,0001143513,DebtInstrumentCarryingAmount,CY2022Q2I,200000000,10-Q,2023-07-26
NasdaqGS:GLAD,GLAD,0001143513,DebtInstrumentCarryingAmount,CY2022Q3I,200000000,10-K,2025-11-17
NasdaqGS:GLAD,GLAD,0001143513,DebtInstrumentCarryingAmount,CY2022Q4I,200000000,10-Q,2024-02-05
NasdaqGS:GLAD,GLAD,0001143513,DebtInstrumentCarryingAmount,CY2023Q1I,200000000,10-Q,2024-05-01
NasdaqGS:GLAD,GLAD,0001143513,DebtInstrumentCarryingAmount,CY2023Q2I,200000000,10-Q,2024-08-07
NasdaqGS:GLAD,GLAD,0001143513,DebtInstrumentCarryingAmount,CY2023Q3I,257000000,10-K,2025-11-17
NasdaqGS:GLAD,GLAD,0001143513,DebtInstrumentCarryingAmount,CY2023Q4I,257000000,10-Q,2025-02-11
NasdaqGS:GLAD,GLAD,0001143513,DebtInstrumentCarryingAmount,CY2024Q1I,257000000,10-Q,2025-05-06
NasdaqGS:GLAD,GLAD,0001143513,DebtInstrumentCarryingAmount,CY2024Q2I,257000000,10-Q,2025-08-04
NasdaqGS:GLAD,GLAD,0001143513,DebtInstrumentCarryingAmount,CY2024Q3I,257000000,10-K,2025-11-17
NasdaqGS:GLAD,GLAD,0001143513,DebtInstrumentCarryingAmount,CY2024Q4I,257000000,10-Q,2026-02-04
NasdaqGS:GLAD,GLAD,0001143513,DebtInstrumentCarryingAmount,CY2025Q1I,257000000,10-Q,2026-05-06
NasdaqGS:GLAD,GLAD,0001143513,DebtInstrumentCarryingAmount,CY2025Q2I,257000000,10-Q,2025-08-04
NasdaqGS:GLAD,GLAD,0001143513,DebtInstrumentCarryingAmount,CY2025Q3I,406500000,10-K,2025-11-17
NasdaqGS:GLAD,GLAD,0001143513,DebtInstrumentCarryingAmount,CY2025Q4I,199500000,10-Q,2026-02-04
NasdaqGS:GLAD,GLAD,0001143513,DebtInstrumentCarryingAmount,CY2026Q1I,199500000,10-Q,2026-05-06
NasdaqGS:GAIN,GAIN,0001321741,DebtInstrumentCarryingAmount,CY2014Q1I,66250000,10-K,2023-05-10
NasdaqGS:GAIN,GAIN,0001321741,DebtInstrumentCarryingAmount,CY2015Q1I,123896000,10-K,2024-05-08
NasdaqGS:GAIN,GAIN,0001321741,DebtInstrumentCarryingAmount,CY2016Q1I,100096000,10-K,2025-05-13
NasdaqGS:GAIN,GAIN,0001321741,DebtInstrumentCarryingAmount,CY2017Q1I,74796000,10-K,2026-05-12
NasdaqGS:GAIN,GAIN,0001321741,DebtInstrumentCarryingAmount,CY2018Q1I,112096000,10-K,2026-05-12
NasdaqGS:GAIN,GAIN,0001321741,DebtInstrumentCarryingAmount,CY2019Q1I,58096000,10-K,2026-05-12
NasdaqGS:GAIN,GAIN,0001321741,DebtInstrumentCarryingAmount,CY2020Q1I,54296000,10-K,2026-05-12
NasdaqGS:GAIN,GAIN,0001321741,DebtInstrumentCarryingAmount,CY2021Q1I,155434000,10-K,2026-05-12
NasdaqGS:GAIN,GAIN,0001321741,DebtInstrumentCarryingAmount,CY2021Q3I,276484000,10-Q,2022-11-01
NasdaqGS:GAIN,GAIN,0001321741,DebtInstrumentCarryingAmount,CY2021Q4I,267584000,10-Q,2023-02-01
NasdaqGS:GAIN,GAIN,0001321741,DebtInstrumentCarryingAmount,CY2022Q1I,267584000,10-K,2026-05-12
NasdaqGS:GAIN,GAIN,0001321741,DebtInstrumentCarryingAmount,CY2022Q2I,267584000,10-Q,2023-08-02
NasdaqGS:GAIN,GAIN,0001321741,DebtInstrumentCarryingAmount,CY2022Q3I,279088000,10-Q,2023-11-01
NasdaqGS:GAIN,GAIN,0001321741,DebtInstrumentCarryingAmount,CY2022Q4I,292088000,10-Q,2024-02-06
NasdaqGS:GAIN,GAIN,0001321741,DebtInstrumentCarryingAmount,CY2023Q1I,297688000,10-K,2026-05-12
NasdaqGS:GAIN,GAIN,0001321741,DebtInstrumentCarryingAmount,CY2023Q2I,383438000,10-Q,2024-08-05
NasdaqGS:GAIN,GAIN,0001321741,DebtInstrumentCarryingAmount,CY2023Q3I,416538000,10-Q,2024-11-07
NasdaqGS:GAIN,GAIN,0001321741,DebtInstrumentCarryingAmount,CY2023Q4I,419838000,10-Q,2025-02-12
NasdaqGS:GAIN,GAIN,0001321741,DebtInstrumentCarryingAmount,CY2024Q1I,404238000,10-K,2026-05-12
NasdaqGS:GAIN,GAIN,0001321741,DebtInstrumentCarryingAmount,CY2024Q2I,400938000,10-Q,2025-08-12
NasdaqGS:GAIN,GAIN,0001321741,DebtInstrumentCarryingAmount,CY2024Q3I,346138000,10-Q,2025-11-04
NasdaqGS:GAIN,GAIN,0001321741,DebtInstrumentCarryingAmount,CY2024Q4I,555238000,10-Q,2026-02-03
NasdaqGS:GAIN,GAIN,0001321741,DebtInstrumentCarryingAmount,CY2025Q1I,463738000,10-K,2026-05-12
NasdaqGS:GAIN,GAIN,0001321741,DebtInstrumentCarryingAmount,CY2025Q2I,525738000,10-Q,2025-08-12
NasdaqGS:GAIN,GAIN,0001321741,DebtInstrumentCarryingAmount,CY2025Q3I,561438000,10-Q,2025-11-04
NasdaqGS:GAIN,GAIN,0001321741,DebtInstrumentCarryingAmount,CY2025Q4I,577588000,10-Q,2026-02-03
NasdaqGS:GAIN,GAIN,0001321741,DebtInstrumentCarryingAmount,CY2026Q1I,572888000,10-K,2026-05-12
NasdaqGS:GBDC,GBDC,0001476765,DebtInstrumentCarryingAmount,CY2021Q3I,2569228000,10-K,2022-11-21
NasdaqGS:GBDC,GBDC,0001476765,DebtInstrumentCarryingAmount,CY2022Q3I,3093603000,10-K,2023-11-20
NasdaqGS:GBDC,GBDC,0001476765,DebtInstrumentCarryingAmount,CY2022Q4I,3100057000,10-Q,2023-02-08
NasdaqGS:GBDC,GBDC,0001476765,DebtInstrumentCarryingAmount,CY2023Q1I,3116857000,10-Q,2023-05-08
NasdaqGS:GBDC,GBDC,0001476765,DebtInstrumentCarryingAmount,CY2023Q2I,3168906000,10-Q,2023-08-07
NasdaqGS:GBDC,GBDC,0001476765,DebtInstrumentCarryingAmount,CY2023Q3I,3133332000,10-K,2024-11-19
NasdaqGS:GBDC,GBDC,0001476765,DebtInstrumentCarryingAmount,CY2023Q4I,3084102000,10-Q,2024-02-05
NasdaqGS:GBDC,GBDC,0001476765,DebtInstrumentCarryingAmount,CY2024Q1I,3291293000,10-Q,2024-05-06
NasdaqGS:GBDC,GBDC,0001476765,DebtInstrumentCarryingAmount,CY2024Q2I,4337697000,10-Q,2024-08-05
NasdaqGS:GBDC,GBDC,0001476765,DebtInstrumentCarryingAmount,CY2024Q3I,4624791000,10-K,2025-11-18
NasdaqGS:GBDC,GBDC,0001476765,DebtInstrumentCarryingAmount,CY2024Q4I,4919258000,10-Q,2025-02-04
NasdaqGS:GBDC,GBDC,0001476765,DebtInstrumentCarryingAmount,CY2025Q1I,4833150000,10-Q,2025-05-05
NasdaqGS:GBDC,GBDC,0001476765,DebtInstrumentCarryingAmount,CY2025Q2I,5154001000,10-Q,2025-08-04
NasdaqGS:GBDC,GBDC,0001476765,DebtInstrumentCarryingAmount,CY2025Q3I,4926778000,10-Q,2026-05-04
NasdaqGS:GBDC,GBDC,0001476765,DebtInstrumentCarryingAmount,CY2025Q4I,4903076000,10-Q,2026-02-04
NasdaqGS:GBDC,GBDC,0001476765,DebtInstrumentCarryingAmount,CY2026Q1I,4723905000,10-Q,2026-05-04
NYSE:HTGC,HTGC,0001280784,DebtInstrumentCarryingAmount,CY2021Q4I,1250425000,10-K,2023-02-16
NYSE:HTGC,HTGC,0001280784,DebtInstrumentCarryingAmount,CY2022Q3I,1542000000,10-Q,2022-11-02
NYSE:HTGC,HTGC,0001280784,DebtInstrumentCarryingAmount,CY2022Q4I,1594000000,10-K,2024-02-15
NYSE:HTGC,HTGC,0001280784,DebtInstrumentCarryingAmount,CY2023Q1I,1733000000,10-Q,2023-05-04
NYSE:HTGC,HTGC,0001280784,DebtInstrumentCarryingAmount,CY2023Q2I,1606000000,10-Q,2023-08-03
NYSE:HTGC,HTGC,0001280784,DebtInstrumentCarryingAmount,CY2023Q3I,1649000000,10-Q,2023-11-02
NYSE:HTGC,HTGC,0001280784,DebtInstrumentCarryingAmount,CY2023Q4I,1570000000,10-K,2025-02-13
NYSE:HTGC,HTGC,0001280784,DebtInstrumentCarryingAmount,CY2024Q1I,1766000000,10-Q,2024-05-02
NYSE:HTGC,HTGC,0001280784,DebtInstrumentCarryingAmount,CY2024Q2I,1760000000,10-Q,2024-08-01
NYSE:HTGC,HTGC,0001280784,DebtInstrumentCarryingAmount,CY2024Q3I,1751000000,10-Q,2024-10-30
NYSE:HTGC,HTGC,0001280784,DebtInstrumentCarryingAmount,CY2024Q4I,1783265000,10-K,2026-02-12
NYSE:HTGC,HTGC,0001280784,DebtInstrumentCarryingAmount,CY2025Q1I,1999351000,10-Q,2025-05-01
NYSE:HTGC,HTGC,0001280784,DebtInstrumentCarryingAmount,CY2025Q2I,2095220000,10-Q,2025-07-31
NYSE:HTGC,HTGC,0001280784,DebtInstrumentCarryingAmount,CY2025Q3I,2180005000,10-Q,2025-10-30
NYSE:HTGC,HTGC,0001280784,DebtInstrumentCarryingAmount,CY2025Q4I,2313070000,10-Q,2026-05-05
NYSE:HTGC,HTGC,0001280784,DebtInstrumentCarryingAmount,CY2026Q1I,2569319000,10-Q,2026-05-05
NYSE:HTGC,HTGC,0001280784,DebtInstrumentFaceAmount,CY2017Q3I,150000000,10-Q,2022-11-02
NYSE:HTGC,HTGC,0001280784,DebtInstrumentFaceAmount,CY2021Q4I,1745000000,10-K,2023-02-16
NYSE:HTGC,HTGC,0001280784,DebtInstrumentFaceAmount,CY2022Q3I,2185000000,10-Q,2022-11-02
NYSE:HTGC,HTGC,0001280784,DebtInstrumentFaceAmount,CY2022Q4I,2185000000,10-K,2024-02-15
NYSE:HTGC,HTGC,0001280784,DebtInstrumentFaceAmount,CY2023Q1I,2215000000,10-Q,2023-05-04
NYSE:HTGC,HTGC,0001280784,DebtInstrumentFaceAmount,CY2023Q2I,2215000000,10-Q,2023-08-03
NYSE:HTGC,HTGC,0001280784,DebtInstrumentFaceAmount,CY2023Q3I,2215000000,10-Q,2023-11-02
NYSE:HTGC,HTGC,0001280784,DebtInstrumentFaceAmount,CY2023Q4I,2215000000,10-K,2025-02-13
NYSE:HTGC,HTGC,0001280784,DebtInstrumentFaceAmount,CY2024Q1I,2215000000,10-Q,2024-05-02
NYSE:HTGC,HTGC,0001280784,DebtInstrumentFaceAmount,CY2024Q2I,2215000000,10-Q,2024-08-01
NYSE:HTGC,HTGC,0001280784,DebtInstrumentFaceAmount,CY2024Q3I,2285000000,10-Q,2024-10-30
NYSE:HTGC,HTGC,0001280784,DebtInstrumentFaceAmount,CY2024Q4I,2329475000,10-K,2026-02-12
NYSE:HTGC,HTGC,0001280784,DebtInstrumentFaceAmount,CY2025Q1I,2564345000,10-Q,2025-05-01
NYSE:HTGC,HTGC,0001280784,DebtInstrumentFaceAmount,CY2025Q2I,2829085000,10-Q,2025-07-31
NYSE:HTGC,HTGC,0001280784,DebtInstrumentFaceAmount,CY2025Q3I,2806139000,10-Q,2025-10-30
NYSE:HTGC,HTGC,0001280784,DebtInstrumentFaceAmount,CY2025Q4I,2782136000,10-Q,2026-05-05
NYSE:HTGC,HTGC,0001280784,DebtInstrumentFaceAmount,CY2026Q1I,2982012000,10-Q,2026-05-05
NasdaqGS:HRZN,HRZN,0001487428,DebtInstrumentCarryingAmount,CY2014Q4I,81753000,10-K,2024-02-27
NasdaqGS:HRZN,HRZN,0001487428,DebtInstrumentCarryingAmount,CY2015Q4I,115546000,10-K,2025-03-04
NasdaqGS:HRZN,HRZN,0001487428,DebtInstrumentCarryingAmount,CY2016Q4I,96000000,10-K,2026-03-03
NasdaqGS:HRZN,HRZN,0001487428,DebtInstrumentCarryingAmount,CY2017Q4I,95375000,10-K,2026-03-03
NasdaqGS:HRZN,HRZN,0001487428,DebtInstrumentCarryingAmount,CY2018Q4I,127875000,10-K,2026-03-03
NasdaqGS:HRZN,HRZN,0001487428,DebtInstrumentCarryingAmount,CY2019Q4I,154375000,10-K,2026-03-03
NasdaqGS:HRZN,HRZN,0001487428,DebtInstrumentCarryingAmount,CY2020Q4I,187625000,10-K,2026-03-03
NasdaqGS:HRZN,HRZN,0001487428,DebtInstrumentCarryingAmount,CY2021Q4I,260250000,10-K,2026-03-03
NasdaqGS:HRZN,HRZN,0001487428,DebtInstrumentCarryingAmount,CY2022Q3I,362711000,10-Q,2022-11-01
NasdaqGS:HRZN,HRZN,0001487428,DebtInstrumentCarryingAmount,CY2022Q4I,439323000,10-K,2026-03-03
NasdaqGS:HRZN,HRZN,0001487428,DebtInstrumentCarryingAmount,CY2023Q1I,444541000,10-Q,2023-05-02
NasdaqGS:HRZN,HRZN,0001487428,DebtInstrumentCarryingAmount,CY2023Q2I,422557000,10-Q,2023-08-01
NasdaqGS:HRZN,HRZN,0001487428,DebtInstrumentCarryingAmount,CY2023Q3I,439696000,10-Q,2023-10-31
NasdaqGS:HRZN,HRZN,0001487428,DebtInstrumentCarryingAmount,CY2023Q4I,466000000,10-K,2026-03-03
NasdaqGS:HRZN,HRZN,0001487428,DebtInstrumentCarryingAmount,CY2024Q1I,456000000,10-Q,2024-04-30
NasdaqGS:HRZN,HRZN,0001487428,DebtInstrumentCarryingAmount,CY2024Q2I,446000000,10-Q,2024-07-30
NasdaqGS:HRZN,HRZN,0001487428,DebtInstrumentCarryingAmount,CY2024Q3I,436970000,10-Q,2024-10-29
NasdaqGS:HRZN,HRZN,0001487428,DebtInstrumentCarryingAmount,CY2024Q4I,472078000,10-K,2026-03-03
NasdaqGS:HRZN,HRZN,0001487428,DebtInstrumentCarryingAmount,CY2025Q1I,471008000,10-Q,2025-04-29
NasdaqGS:HRZN,HRZN,0001487428,DebtInstrumentCarryingAmount,CY2025Q2I,427669000,10-Q,2025-08-07
NasdaqGS:HRZN,HRZN,0001487428,DebtInstrumentCarryingAmount,CY2025Q3I,428750000,10-Q,2025-10-28
NasdaqGS:HRZN,HRZN,0001487428,DebtInstrumentCarryingAmount,CY2025Q4I,477750000,10-Q,2026-05-05
NasdaqGS:HRZN,HRZN,0001487428,DebtInstrumentCarryingAmount,CY2026Q1I,450200000,10-Q,2026-05-05
NasdaqGS:HRZN,HRZN,0001487428,DebtInstrumentFaceAmount,CY2021Q4I,353000000,10-K,2023-02-28
NasdaqGS:HRZN,HRZN,0001487428,DebtInstrumentFaceAmount,CY2022Q3I,483461000,10-Q,2022-11-01
NasdaqGS:HRZN,HRZN,0001487428,DebtInstrumentFaceAmount,CY2022Q4I,582573000,10-K,2024-02-27
NasdaqGS:HRZN,HRZN,0001487428,DebtInstrumentFaceAmount,CY2023Q1I,577791000,10-Q,2023-05-02
NasdaqGS:HRZN,HRZN,0001487428,DebtInstrumentFaceAmount,CY2023Q2I,645807000,10-Q,2023-08-01
NasdaqGS:HRZN,HRZN,0001487428,DebtInstrumentFaceAmount,CY2023Q3I,633696000,10-Q,2023-10-31
NasdaqGS:HRZN,HRZN,0001487428,DebtInstrumentFaceAmount,CY2023Q4I,615000000,10-K,2025-03-04
NasdaqGS:HRZN,HRZN,0001487428,DebtInstrumentFaceAmount,CY2024Q1I,615000000,10-Q,2024-04-30
NasdaqGS:HRZN,HRZN,0001487428,DebtInstrumentFaceAmount,CY2024Q2I,715000000,10-Q,2024-07-30
NasdaqGS:HRZN,HRZN,0001487428,DebtInstrumentFaceAmount,CY2024Q3I,705970000,10-Q,2024-10-29
NasdaqGS:HRZN,HRZN,0001487428,DebtInstrumentFaceAmount,CY2024Q4I,716078000,10-K,2026-03-03
NasdaqGS:HRZN,HRZN,0001487428,DebtInstrumentFaceAmount,CY2025Q1I,700008000,10-Q,2025-04-29
NasdaqGS:HRZN,HRZN,0001487428,DebtInstrumentFaceAmount,CY2025Q2I,756669000,10-Q,2025-08-07
NasdaqGS:HRZN,HRZN,0001487428,DebtInstrumentFaceAmount,CY2025Q3I,757750000,10-Q,2025-10-28
NasdaqGS:HRZN,HRZN,0001487428,DebtInstrumentFaceAmount,CY2025Q4I,806750000,10-Q,2026-05-05
NasdaqGS:HRZN,HRZN,0001487428,DebtInstrumentFaceAmount,CY2026Q1I,734200000,10-Q,2026-05-05
NasdaqGS:ICMB,ICMB,0001578348,LineOfCreditFacilityMaximumBorrowingCapacity,CY2025Q4I,8700000,10-K,2026-03-31
NasdaqGS:ICMB,ICMB,0001578348,LineOfCreditFacilityMaximumBorrowingCapacity,CY2026Q1I,3600000,10-Q,2026-05-13
NasdaqGS:ICMB,ICMB,0001578348,DebtInstrumentCarryingAmount,CY2022Q4I,143400000,10-Q,2023-02-13
NasdaqGS:ICMB,ICMB,0001578348,DebtInstrumentCarryingAmount,CY2023Q1I,146900000,10-Q,2023-05-15
NasdaqGS:ICMB,ICMB,0001578348,DebtInstrumentCarryingAmount,CY2023Q3I,134000000,10-Q,2023-11-13
NasdaqGS:ICMB,ICMB,0001578348,DebtInstrumentCarryingAmount,CY2023Q4I,135000000,10-Q,2024-02-20
NasdaqGS:ICMB,ICMB,0001578348,DebtInstrumentCarryingAmount,CY2024Q1I,122500000,10-Q,2024-05-14
NasdaqGS:ICMB,ICMB,0001578348,DebtInstrumentCarryingAmount,CY2024Q2I,108000000,10-K,2026-03-31
NasdaqGS:ICMB,ICMB,0001578348,DebtInstrumentCarryingAmount,CY2024Q3I,112500000,10-Q,2024-11-13
NasdaqGS:ICMB,ICMB,0001578348,DebtInstrumentCarryingAmount,CY2024Q4I,123500000,10-K,2026-03-31
NasdaqGS:ICMB,ICMB,0001578348,DebtInstrumentCarryingAmount,CY2025Q1I,121000000,10-Q,2025-05-14
NasdaqGS:ICMB,ICMB,0001578348,DebtInstrumentCarryingAmount,CY2025Q2I,135500000,10-Q,2025-08-13
NasdaqGS:ICMB,ICMB,0001578348,DebtInstrumentCarryingAmount,CY2025Q3I,128500000,10-Q,2025-11-12
NasdaqGS:ICMB,ICMB,0001578348,DebtInstrumentCarryingAmount,CY2025Q4I,58900000,10-Q,2026-05-13
NasdaqGS:ICMB,ICMB,0001578348,DebtInstrumentCarryingAmount,CY2026Q1I,109900000,10-Q,2026-05-13
NYSE:KBDC,KBDC,0001747172,LineOfCreditFacilityMaximumBorrowingCapacity,CY2023Q4I,233502000,10-K,2025-03-03
NYSE:KBDC,KBDC,0001747172,LineOfCreditFacilityMaximumBorrowingCapacity,CY2024Q3I,437000000,10-Q,2024-11-13
NYSE:KBDC,KBDC,0001747172,LineOfCreditFacilityMaximumBorrowingCapacity,CY2024Q4I,442000000,10-K,2026-03-02
NYSE:KBDC,KBDC,0001747172,LineOfCreditFacilityMaximumBorrowingCapacity,CY2025Q1I,384500000,10-Q,2025-05-12
NYSE:KBDC,KBDC,0001747172,LineOfCreditFacilityMaximumBorrowingCapacity,CY2025Q2I,346000000,10-Q,2025-08-11
NYSE:KBDC,KBDC,0001747172,LineOfCreditFacilityMaximumBorrowingCapacity,CY2025Q3I,322000000,10-Q,2025-11-10
NYSE:KBDC,KBDC,0001747172,LineOfCreditFacilityMaximumBorrowingCapacity,CY2025Q4I,545000000,10-Q,2026-05-11
NYSE:KBDC,KBDC,0001747172,LineOfCreditFacilityMaximumBorrowingCapacity,CY2026Q1I,537000000,10-Q,2026-05-11
NYSE:KBDC,KBDC,0001747172,DebtInstrumentFaceAmount,CY2021Q3I,13794000,10-Q,2022-11-14
NYSE:KBDC,KBDC,0001747172,DebtInstrumentFaceAmount,CY2022Q3I,53333000,10-Q,2022-11-14
NYSE:KBDC,KBDC,0001747172,DebtInstrumentFaceAmount,CY2023Q2I,75000000,10-Q,2023-08-14
NYSE:KBDC,KBDC,0001747172,DebtInstrumentFaceAmount,CY2023Q3I,75000000,10-Q,2023-11-14
NYSE:KBDC,KBDC,0001747172,DebtInstrumentFaceAmount,CY2023Q4I,75000000,10-K,2024-02-29
NYSE:KBDC,KBDC,0001747172,DebtInstrumentFaceAmount,CY2024Q1I,75000000,10-Q,2024-05-09
NYSE:KBDC,KBDC,0001747172,DebtInstrumentFaceAmount,CY2024Q2I,75000000,10-Q,2024-08-13
NYSE:KBDC,KBDC,0001747172,DebtInstrumentFaceAmount,CY2024Q3I,75000000,10-Q,2024-11-13
NYSE:KBDC,KBDC,0001747172,DebtInstrumentFaceAmount,CY2024Q4I,75000000,10-K,2025-03-03
NYSE:KBDC,KBDC,0001747172,DebtInstrumentFaceAmount,CY2025Q1I,75000000,10-Q,2025-05-12
NYSE:KBDC,KBDC,0001747172,DebtInstrumentFaceAmount,CY2025Q2I,75000000,10-Q,2025-08-11
NYSE:KBDC,KBDC,0001747172,DebtInstrumentFaceAmount,CY2025Q3I,75000000,10-Q,2025-11-10
NYSE:KBDC,KBDC,0001747172,DebtInstrumentFaceAmount,CY2025Q4I,275000000,10-K,2026-03-02
NYSE:KBDC,KBDC,0001747172,DebtInstrumentFaceAmount,CY2026Q1I,275000000,10-Q,2026-05-11
NYSE:MAIN,MAIN,0001396440,DebtInstrumentCarryingAmount,CY2021Q4I,1805000000,10-K,2023-02-24
NYSE:MAIN,MAIN,0001396440,DebtInstrumentCarryingAmount,CY2022Q3I,2046000000,10-Q,2022-11-04
NYSE:MAIN,MAIN,0001396440,DebtInstrumentCarryingAmount,CY2022Q4I,2007000000,10-K,2024-02-23
NYSE:MAIN,MAIN,0001396440,DebtInstrumentCarryingAmount,CY2023Q1I,1998000000,10-Q,2023-05-05
NYSE:MAIN,MAIN,0001396440,DebtInstrumentCarryingAmount,CY2023Q2I,2030000000,10-Q,2023-08-04
NYSE:MAIN,MAIN,0001396440,DebtInstrumentCarryingAmount,CY2023Q3I,1943000000,10-Q,2023-11-03
NYSE:MAIN,MAIN,0001396440,DebtInstrumentCarryingAmount,CY2023Q4I,1810000000,10-K,2025-02-28
NYSE:MAIN,MAIN,0001396440,DebtInstrumentCarryingAmount,CY2024Q1I,2059200000,10-Q,2024-05-10
NYSE:MAIN,MAIN,0001396440,DebtInstrumentCarryingAmount,CY2024Q2I,2211200000,10-Q,2024-08-09
NYSE:MAIN,MAIN,0001396440,DebtInstrumentCarryingAmount,CY2024Q3I,2210000000,10-Q,2024-11-08
NYSE:MAIN,MAIN,0001396440,DebtInstrumentCarryingAmount,CY2024Q4I,2134000000,10-K,2026-02-27
NYSE:MAIN,MAIN,0001396440,DebtInstrumentCarryingAmount,CY2025Q1I,2264000000,10-Q,2025-05-09
NYSE:MAIN,MAIN,0001396440,DebtInstrumentCarryingAmount,CY2025Q2I,2227000000,10-Q,2025-08-08
NYSE:MAIN,MAIN,0001396440,DebtInstrumentCarryingAmount,CY2025Q3I,2161000000,10-Q,2025-11-07
NYSE:MAIN,MAIN,0001396440,DebtInstrumentCarryingAmount,CY2025Q4I,2468000000,10-Q,2026-05-08
NYSE:MAIN,MAIN,0001396440,DebtInstrumentCarryingAmount,CY2026Q1I,2536000000,10-Q,2026-05-08
NasdaqGS:MFIC,MFIC,0001278752,DebtInstrumentCarryingAmount,CY2022Q3I,1508760000,10-Q,2022-11-03
NasdaqGS:MFIC,MFIC,0001278752,DebtInstrumentCarryingAmount,CY2022Q4I,1487503000,10-K,2024-02-26
NasdaqGS:MFIC,MFIC,0001278752,DebtInstrumentCarryingAmount,CY2023Q1I,1474713000,10-Q,2023-05-02
NasdaqGS:MFIC,MFIC,0001278752,DebtInstrumentCarryingAmount,CY2023Q2I,1486127000,10-Q,2023-08-02
NasdaqGS:MFIC,MFIC,0001278752,DebtInstrumentCarryingAmount,CY2023Q3I,1437859000,10-Q,2023-11-07
NasdaqGS:MFIC,MFIC,0001278752,DebtInstrumentCarryingAmount,CY2023Q4I,1757148000,10-Q,2025-05-12
NasdaqGS:MFIC,MFIC,0001278752,DebtInstrumentCarryingAmount,CY2024Q1I,1412110000,10-Q,2024-05-07
NasdaqGS:MFIC,MFIC,0001278752,DebtInstrumentCarryingAmount,CY2024Q2I,1518176000,10-Q,2024-08-07
NasdaqGS:MFIC,MFIC,0001278752,DebtInstrumentCarryingAmount,CY2024Q3I,1778909000,10-Q,2024-11-07
NasdaqGS:MFIC,MFIC,0001278752,DebtInstrumentCarryingAmount,CY2024Q4I,1757148000,10-K,2026-02-26
NasdaqGS:MFIC,MFIC,0001278752,DebtInstrumentCarryingAmount,CY2025Q1I,1941982000,10-Q,2025-05-12
NasdaqGS:MFIC,MFIC,0001278752,DebtInstrumentCarryingAmount,CY2025Q2I,2057946000,10-Q,2025-08-11
NasdaqGS:MFIC,MFIC,0001278752,DebtInstrumentCarryingAmount,CY2025Q3I,1920913000,10-Q,2025-11-06
NasdaqGS:MFIC,MFIC,0001278752,DebtInstrumentCarryingAmount,CY2025Q4I,2001048000,10-Q,2026-05-06
NasdaqGS:MFIC,MFIC,0001278752,DebtInstrumentCarryingAmount,CY2026Q1I,1876000000,10-Q,2026-05-06
NasdaqGS:MFIC,MFIC,0001278752,DebtInstrumentFaceAmount,CY2022Q3I,2285000000,10-Q,2022-11-03
NasdaqGS:MFIC,MFIC,0001278752,DebtInstrumentFaceAmount,CY2022Q4I,2238829000,10-K,2024-02-26
NasdaqGS:MFIC,MFIC,0001278752,DebtInstrumentFaceAmount,CY2023Q1I,2180000000,10-Q,2023-05-02
NasdaqGS:MFIC,MFIC,0001278752,DebtInstrumentFaceAmount,CY2023Q2I,2180000000,10-Q,2023-08-02
NasdaqGS:MFIC,MFIC,0001278752,DebtInstrumentFaceAmount,CY2023Q3I,2180000000,10-Q,2023-11-07
NasdaqGS:MFIC,MFIC,0001278752,DebtInstrumentFaceAmount,CY2023Q4I,2447000000,10-Q,2025-05-12
NasdaqGS:MFIC,MFIC,0001278752,DebtInstrumentFaceAmount,CY2024Q1I,2492000000,10-Q,2024-05-07
NasdaqGS:MFIC,MFIC,0001278752,DebtInstrumentFaceAmount,CY2024Q2I,2492000000,10-Q,2024-08-07
NasdaqGS:MFIC,MFIC,0001278752,DebtInstrumentFaceAmount,CY2024Q3I,2492000000,10-Q,2024-11-07
NasdaqGS:MFIC,MFIC,0001278752,DebtInstrumentFaceAmount,CY2024Q4I,2447000000,10-K,2026-02-26
NasdaqGS:MFIC,MFIC,0001278752,DebtInstrumentFaceAmount,CY2025Q1I,2496000000,10-Q,2025-05-12
NasdaqGS:MFIC,MFIC,0001278752,DebtInstrumentFaceAmount,CY2025Q2I,2496000000,10-Q,2025-08-11
NasdaqGS:MFIC,MFIC,0001278752,DebtInstrumentFaceAmount,CY2025Q3I,2496000000,10-Q,2025-11-06
NasdaqGS:MFIC,MFIC,0001278752,DebtInstrumentFaceAmount,CY2025Q4I,2670000000,10-Q,2026-05-06
NasdaqGS:MFIC,MFIC,0001278752,DebtInstrumentFaceAmount,CY2026Q1I,2670000000,10-Q,2026-05-06
NYSE:MSDL,MSDL,0001782524,DebtInstrumentCarryingAmount,CY2022Q4I,1532254000,10-K,2024-03-01
NYSE:MSDL,MSDL,0001782524,DebtInstrumentCarryingAmount,CY2023Q1I,1592259000,10-Q,2023-05-10
NYSE:MSDL,MSDL,0001782524,DebtInstrumentCarryingAmount,CY2023Q2I,1562259000,10-Q,2023-08-09
NYSE:MSDL,MSDL,0001782524,DebtInstrumentCarryingAmount,CY2023Q3I,1725252000,10-Q,2023-11-02
NYSE:MSDL,MSDL,0001782524,DebtInstrumentCarryingAmount,CY2023Q4I,1502263000,10-K,2025-02-27
NYSE:MSDL,MSDL,0001782524,DebtInstrumentCarryingAmount,CY2024Q1I,1492257000,10-Q,2024-05-09
NYSE:MSDL,MSDL,0001782524,DebtInstrumentCarryingAmount,CY2024Q2I,1675474000,10-Q,2024-08-08
NYSE:MSDL,MSDL,0001782524,DebtInstrumentCarryingAmount,CY2024Q3I,1841987000,10-Q,2024-11-07
NYSE:MSDL,MSDL,0001782524,DebtInstrumentCarryingAmount,CY2024Q4I,1983401000,10-K,2026-02-26
NYSE:MSDL,MSDL,0001782524,DebtInstrumentCarryingAmount,CY2025Q1I,2013588000,10-Q,2025-05-08
NYSE:MSDL,MSDL,0001782524,DebtInstrumentCarryingAmount,CY2025Q2I,2054188000,10-Q,2025-08-07
NYSE:MSDL,MSDL,0001782524,DebtInstrumentCarryingAmount,CY2025Q3I,2078120000,10-Q,2025-11-06
NYSE:MSDL,MSDL,0001782524,DebtInstrumentCarryingAmount,CY2025Q4I,2093153000,10-Q,2026-05-07
NYSE:MSDL,MSDL,0001782524,DebtInstrumentCarryingAmount,CY2026Q1I,2064010000,10-Q,2026-05-07
NYSE:MSDL,MSDL,0001782524,DebtInstrumentFaceAmount,CY2022Q4I,2275000000,10-K,2024-03-01
NYSE:MSDL,MSDL,0001782524,DebtInstrumentFaceAmount,CY2023Q1I,2420000000,10-Q,2023-05-10
NYSE:MSDL,MSDL,0001782524,DebtInstrumentFaceAmount,CY2023Q2I,2420000000,10-Q,2023-08-09
NYSE:MSDL,MSDL,0001782524,DebtInstrumentFaceAmount,CY2023Q3I,2420000000,10-Q,2023-11-02
NYSE:MSDL,MSDL,0001782524,DebtInstrumentFaceAmount,CY2023Q4I,2420000000,10-K,2025-02-27
NYSE:MSDL,MSDL,0001782524,DebtInstrumentFaceAmount,CY2024Q1I,2420000000,10-Q,2024-05-09
NYSE:MSDL,MSDL,0001782524,DebtInstrumentFaceAmount,CY2024Q2I,2950000000,10-Q,2024-08-08
NYSE:MSDL,MSDL,0001782524,DebtInstrumentFaceAmount,CY2024Q3I,2950000000,10-Q,2024-11-07
NYSE:MSDL,MSDL,0001782524,DebtInstrumentFaceAmount,CY2024Q4I,2950000000,10-K,2026-02-26
NYSE:MSDL,MSDL,0001782524,DebtInstrumentFaceAmount,CY2025Q1I,3100000000,10-Q,2025-05-08
NYSE:MSDL,MSDL,0001782524,DebtInstrumentFaceAmount,CY2025Q2I,3175000000,10-Q,2025-08-07
NYSE:MSDL,MSDL,0001782524,DebtInstrumentFaceAmount,CY2025Q3I,3484000000,10-Q,2025-11-06
NYSE:MSDL,MSDL,0001782524,DebtInstrumentFaceAmount,CY2025Q4I,3484000000,10-Q,2026-05-07
NYSE:MSDL,MSDL,0001782524,DebtInstrumentFaceAmount,CY2026Q1I,3484000000,10-Q,2026-05-07
NYSE:MSIF,MSIF,0001535778,DebtInstrumentCarryingAmount,CY2022Q4I,471688000,10-K,2024-03-08
NYSE:MSIF,MSIF,0001535778,DebtInstrumentCarryingAmount,CY2023Q1I,473688000,10-Q,2023-05-12
NYSE:MSIF,MSIF,0001535778,DebtInstrumentCarryingAmount,CY2023Q2I,487688000,10-Q,2023-08-11
NYSE:MSIF,MSIF,0001535778,DebtInstrumentCarryingAmount,CY2023Q3I,506688000,10-Q,2023-11-13
NYSE:MSIF,MSIF,0001535778,DebtInstrumentCarryingAmount,CY2023Q4I,485688000,10-K,2025-03-20
NYSE:MSIF,MSIF,0001535778,DebtInstrumentCarryingAmount,CY2024Q1I,504688000,10-Q,2024-05-15
NYSE:MSIF,MSIF,0001535778,DebtInstrumentCarryingAmount,CY2024Q2I,551688000,10-Q,2024-08-14
NYSE:MSIF,MSIF,0001535778,DebtInstrumentCarryingAmount,CY2024Q4I,565688000,10-K,2026-02-27
NYSE:MSIF,MSIF,0001535778,DebtInstrumentCarryingAmount,CY2025Q1I,570688000,10-Q,2025-05-13
NYSE:MSIF,MSIF,0001535778,DebtInstrumentCarryingAmount,CY2025Q2I,539000000,10-Q,2025-08-14
NYSE:MSIF,MSIF,0001535778,DebtInstrumentCarryingAmount,CY2025Q3I,529000000,10-Q,2025-11-14
NYSE:MSIF,MSIF,0001535778,DebtInstrumentCarryingAmount,CY2025Q4I,603000000,10-Q,2026-05-08
NYSE:MSIF,MSIF,0001535778,DebtInstrumentCarryingAmount,CY2026Q1I,650000000,10-Q,2026-05-08
NasdaqGS:NSLR,NSLR,0001509470,DebtInstrumentFaceAmount,CY2022Q3I,75000000,10-Q,2022-11-09
NasdaqGS:NSLR,NSLR,0001509470,DebtInstrumentFaceAmount,CY2022Q4I,75000000,10-K,2024-03-14
NasdaqGS:NSLR,NSLR,0001509470,DebtInstrumentFaceAmount,CY2023Q1I,75000000,10-Q,2023-05-10
NasdaqGS:NSLR,NSLR,0001509470,DebtInstrumentFaceAmount,CY2023Q2I,75000000,10-Q,2023-08-09
NasdaqGS:NSLR,NSLR,0001509470,DebtInstrumentFaceAmount,CY2023Q3I,75000000,10-Q,2023-11-09
NasdaqGS:NSLR,NSLR,0001509470,DebtInstrumentFaceAmount,CY2023Q4I,75000000,10-K,2025-03-12
NasdaqGS:NSLR,NSLR,0001509470,DebtInstrumentFaceAmount,CY2024Q1I,75000000,10-Q,2024-05-09
NasdaqGS:NSLR,NSLR,0001509470,DebtInstrumentFaceAmount,CY2024Q2I,75000000,10-Q,2024-08-08
NasdaqGS:NSLR,NSLR,0001509470,DebtInstrumentFaceAmount,CY2024Q3I,49746600,10-Q,2024-11-08
NasdaqGS:NSLR,NSLR,0001509470,DebtInstrumentFaceAmount,CY2024Q4I,44667400,10-K,2026-03-11
NasdaqGS:NSLR,NSLR,0001509470,DebtInstrumentFaceAmount,CY2025Q1I,39667650,10-Q,2025-05-07
NasdaqGS:NSLR,NSLR,0001509470,DebtInstrumentFaceAmount,CY2025Q2I,39667650,10-Q,2025-08-07
NasdaqGS:NSLR,NSLR,0001509470,DebtInstrumentFaceAmount,CY2025Q3I,39667650,10-Q,2025-11-06
NasdaqGS:NSLR,NSLR,0001509470,DebtInstrumentFaceAmount,CY2025Q4I,35829825,10-Q,2026-05-06
NasdaqGS:NSLR,NSLR,0001509470,DebtInstrumentFaceAmount,CY2026Q1I,35829825,10-Q,2026-05-06
NasdaqGS:NMFC,NMFC,0001496099,DebtInstrumentFaceAmount,CY2022Q3I,300000000,10-Q,2022-11-08
NasdaqGS:NMFC,NMFC,0001496099,DebtInstrumentFaceAmount,CY2022Q4I,300000000,10-K,2023-02-27
NasdaqGS:NMFC,NMFC,0001496099,DebtInstrumentFaceAmount,CY2023Q1I,300000000,10-Q,2023-05-08
NasdaqGS:NMFC,NMFC,0001496099,DebtInstrumentFaceAmount,CY2023Q2I,300000000,10-Q,2023-08-02
NasdaqGS:NMFC,NMFC,0001496099,DebtInstrumentFaceAmount,CY2023Q3I,300000000,10-Q,2023-11-02
NasdaqGS:NMFC,NMFC,0001496099,DebtInstrumentFaceAmount,CY2023Q4I,300000000,10-K,2024-02-26
NasdaqGS:NMFC,NMFC,0001496099,DebtInstrumentFaceAmount,CY2024Q1I,300000000,10-Q,2024-05-01
NasdaqGS:NMFC,NMFC,0001496099,DebtInstrumentFaceAmount,CY2024Q2I,300000000,10-Q,2024-07-31
NasdaqGS:NMFC,NMFC,0001496099,DebtInstrumentFaceAmount,CY2024Q3I,300000000,10-Q,2024-10-30
NasdaqGS:NMFC,NMFC,0001496099,DebtInstrumentFaceAmount,CY2024Q4I,300000000,10-K,2025-02-26
NasdaqGS:NMFC,NMFC,0001496099,DebtInstrumentFaceAmount,CY2025Q1I,262500000,10-Q,2025-05-05
NasdaqGS:NMFC,NMFC,0001496099,DebtInstrumentFaceAmount,CY2025Q2I,262500000,10-Q,2025-08-04
NasdaqGS:NMFC,NMFC,0001496099,DebtInstrumentFaceAmount,CY2025Q3I,196205000,10-Q,2025-11-03
NasdaqGS:NMFC,NMFC,0001496099,DebtInstrumentFaceAmount,CY2025Q4I,196205000,10-K,2026-02-24
NasdaqGS:NMFC,NMFC,0001496099,DebtInstrumentFaceAmount,CY2026Q1I,169255000,10-Q,2026-05-04
NYSE:NCDL,NCDL,0001737924,LineOfCreditFacilityMaximumBorrowingCapacity,CY2022Q4I,967000000,10-K,2024-02-27
NYSE:NCDL,NCDL,0001737924,LineOfCreditFacilityMaximumBorrowingCapacity,CY2023Q1I,967000000,10-Q,2023-05-05
NYSE:NCDL,NCDL,0001737924,LineOfCreditFacilityMaximumBorrowingCapacity,CY2023Q2I,1152000000,10-Q,2023-08-04
NYSE:NCDL,NCDL,0001737924,LineOfCreditFacilityMaximumBorrowingCapacity,CY2023Q3I,1102000000,10-Q,2023-10-30
NYSE:NCDL,NCDL,0001737924,LineOfCreditFacilityMaximumBorrowingCapacity,CY2023Q4I,1167000000,10-K,2025-02-27
NYSE:NCDL,NCDL,0001737924,LineOfCreditFacilityMaximumBorrowingCapacity,CY2024Q1I,1257000000,10-Q,2024-05-09
NYSE:NCDL,NCDL,0001737924,LineOfCreditFacilityMaximumBorrowingCapacity,CY2024Q2I,1322000000,10-Q,2024-08-07
NYSE:NCDL,NCDL,0001737924,LineOfCreditFacilityMaximumBorrowingCapacity,CY2024Q3I,1396714000,10-Q,2024-11-07
NYSE:NCDL,NCDL,0001737924,LineOfCreditFacilityMaximumBorrowingCapacity,CY2024Q4I,1321179000,10-K,2026-02-26
NYSE:NCDL,NCDL,0001737924,LineOfCreditFacilityMaximumBorrowingCapacity,CY2025Q1I,1375043000,10-Q,2025-05-08
NYSE:NCDL,NCDL,0001737924,LineOfCreditFacilityMaximumBorrowingCapacity,CY2025Q2I,1374507000,10-Q,2025-08-06
NYSE:NCDL,NCDL,0001737924,LineOfCreditFacilityMaximumBorrowingCapacity,CY2025Q3I,1373814000,10-Q,2025-11-04
NYSE:NCDL,NCDL,0001737924,LineOfCreditFacilityMaximumBorrowingCapacity,CY2025Q4I,1373119000,10-Q,2026-05-07
NYSE:NCDL,NCDL,0001737924,LineOfCreditFacilityMaximumBorrowingCapacity,CY2026Q1I,1372425000,10-Q,2026-05-07
NasdaqGS:OFS,OFS,0001487918,DebtInstrumentCarryingAmount,CY2022Q4I,335620000,10-K,2023-03-03
NasdaqGS:OFS,OFS,0001487918,DebtInstrumentCarryingAmount,CY2023Q4I,302420000,10-K,2024-03-05
NasdaqGS:OFS,OFS,0001487918,DebtInstrumentCarryingAmount,CY2024Q4I,248350000,10-K,2025-03-04
NasdaqGS:OFS,OFS,0001487918,DebtInstrumentCarryingAmount,CY2025Q2I,243400000,10-Q,2025-08-01
NasdaqGS:OFS,OFS,0001487918,DebtInstrumentCarryingAmount,CY2025Q3I,239200000,10-Q,2025-10-31
NasdaqGS:OFS,OFS,0001487918,DebtInstrumentCarryingAmount,CY2025Q4I,220450000,10-K,2026-03-03
NasdaqGS:OFS,OFS,0001487918,DebtInstrumentCarryingAmount,CY2026Q1I,202450000,10-Q,2026-05-01
NasdaqGS:OXSQ,OXSQ,0001259429,DebtInstrumentFaceAmount,CY2023Q4I,1000,10-K,2024-03-19
NasdaqGS:OXSQ,OXSQ,0001259429,DebtInstrumentFaceAmount,CY2024Q4I,1000,10-K,2025-03-05
NasdaqGS:OXSQ,OXSQ,0001259429,DebtInstrumentFaceAmount,CY2025Q4I,1000,10-K,2026-03-06
NasdaqGM:PFX,PFX,0001490349,DebtInstrumentCarryingAmount,CY2023Q3I,84253000,10-Q,2024-08-06
NasdaqGM:PFX,PFX,0001490349,DebtInstrumentCarryingAmount,CY2024Q2I,85295000,10-Q,2024-08-06
NasdaqGM:PFX,PFX,0001490349,DebtInstrumentFaceAmount,CY2022Q3I,80022000,10-Q,2023-02-09
NasdaqGM:PFX,PFX,0001490349,DebtInstrumentFaceAmount,CY2022Q4I,80022000,10-Q,2023-02-09
NasdaqGM:PFX,PFX,0001490349,DebtInstrumentFaceAmount,CY2023Q3I,85942000,10-Q,2024-08-06
NasdaqGM:PFX,PFX,0001490349,DebtInstrumentFaceAmount,CY2024Q2I,86734000,10-Q,2024-08-06
NasdaqGM:PFX,PFX,0001490349,DebtInstrumentFaceAmount,CY2024Q3I,137234000,10-K,2025-12-12
NasdaqGM:PFX,PFX,0001490349,DebtInstrumentFaceAmount,CY2025Q1I,138761000,10-Q,2025-05-07
NasdaqGM:PFX,PFX,0001490349,DebtInstrumentFaceAmount,CY2025Q2I,146153000,10-Q,2025-08-06
NasdaqGM:PFX,PFX,0001490349,DebtInstrumentFaceAmount,CY2025Q3I,149153000,10-Q,2026-05-05
NasdaqGM:PFX,PFX,0001490349,DebtInstrumentFaceAmount,CY2025Q4I,147492000,10-Q,2026-02-09
NasdaqGM:PFX,PFX,0001490349,DebtInstrumentFaceAmount,CY2026Q1I,147492000,10-Q,2026-05-05
NasdaqGS:PSEC,PSEC,0001287032,DebtInstrumentCarryingAmount,CY2022Q2I,2769156000,10-K,2023-09-08
NasdaqGS:PSEC,PSEC,0001287032,DebtInstrumentCarryingAmount,CY2022Q3I,2670175000,10-Q,2022-11-09
NasdaqGS:PSEC,PSEC,0001287032,DebtInstrumentCarryingAmount,CY2022Q4I,2623873000,10-Q,2023-02-08
NasdaqGS:PSEC,PSEC,0001287032,DebtInstrumentCarryingAmount,CY2023Q1I,2481277000,10-Q,2023-05-09
NasdaqGS:PSEC,PSEC,0001287032,DebtInstrumentCarryingAmount,CY2023Q2I,2610216000,10-K,2024-08-28
NasdaqGS:PSEC,PSEC,0001287032,DebtInstrumentCarryingAmount,CY2023Q4I,2492464000,10-Q,2024-02-08
NasdaqGS:PSEC,PSEC,0001287032,DebtInstrumentCarryingAmount,CY2024Q1I,2505497000,10-Q,2024-05-08
NasdaqGS:PSEC,PSEC,0001287032,DebtInstrumentCarryingAmount,CY2024Q2I,2454992000,10-K,2025-08-26
NasdaqGS:PSEC,PSEC,0001287032,DebtInstrumentCarryingAmount,CY2024Q3I,2294376000,10-Q,2024-11-08
NasdaqGS:PSEC,PSEC,0001287032,DebtInstrumentCarryingAmount,CY2024Q4I,2077796000,10-Q,2025-02-10
NasdaqGS:PSEC,PSEC,0001287032,DebtInstrumentCarryingAmount,CY2025Q1I,2045808000,10-Q,2025-05-08
NasdaqGS:PSEC,PSEC,0001287032,DebtInstrumentCarryingAmount,CY2025Q2I,2103554000,10-Q,2026-05-07
NasdaqGS:PSEC,PSEC,0001287032,DebtInstrumentCarryingAmount,CY2025Q3I,1935415000,10-Q,2025-11-06
NasdaqGS:PSEC,PSEC,0001287032,DebtInstrumentCarryingAmount,CY2025Q4I,1868140000,10-Q,2026-02-09
NasdaqGS:PSEC,PSEC,0001287032,DebtInstrumentCarryingAmount,CY2026Q1I,1751091000,10-Q,2026-05-07
NasdaqGS:RWAY,RWAY,0001653384,DebtInstrumentCarryingAmount,CY2017Q4I,0,10-K,2026-03-12
NasdaqGS:RWAY,RWAY,0001653384,DebtInstrumentCarryingAmount,CY2018Q4I,59500000,10-K,2026-03-12
NasdaqGS:RWAY,RWAY,0001653384,DebtInstrumentCarryingAmount,CY2019Q4I,61000000,10-K,2026-03-12
NasdaqGS:RWAY,RWAY,0001653384,DebtInstrumentCarryingAmount,CY2020Q4I,99000000,10-K,2026-03-12
NasdaqGS:RWAY,RWAY,0001653384,DebtInstrumentCarryingAmount,CY2021Q4I,81000000,10-K,2026-03-12
NasdaqGS:RWAY,RWAY,0001653384,DebtInstrumentCarryingAmount,CY2022Q3I,345500000,10-Q,2022-11-03
NasdaqGS:RWAY,RWAY,0001653384,DebtInstrumentCarryingAmount,CY2022Q4I,559250000,10-K,2026-03-12
NasdaqGS:RWAY,RWAY,0001653384,DebtInstrumentCarryingAmount,CY2023Q4I,519250000,10-K,2026-03-12
NasdaqGS:RWAY,RWAY,0001653384,DebtInstrumentCarryingAmount,CY2024Q4I,558250000,10-K,2026-03-12
NasdaqGS:RWAY,RWAY,0001653384,DebtInstrumentCarryingAmount,CY2025Q4I,437250000,10-K,2026-03-12
NasdaqGS:RWAY,RWAY,0001653384,DebtInstrumentFaceAmount,CY2021Q4I,370000000,10-Q,2022-11-03
NasdaqGS:RWAY,RWAY,0001653384,DebtInstrumentFaceAmount,CY2022Q3I,595500000,10-Q,2022-11-03
NYSE:SAR,SAR,0001377936,LineOfCreditFacilityMaximumBorrowingCapacity,CY2024Q1I,25000000,10-K,2024-05-06
NYSE:SAR,SAR,0001377936,DebtInstrumentFaceAmount,CY2013Q1I,48300000,10-Q,2023-07-10
NYSE:SAR,SAR,0001377936,DebtInstrumentFaceAmount,CY2018Q4I,20000000,10-Q,2023-07-10
NYSE:SAR,SAR,0001377936,DebtInstrumentFaceAmount,CY2019Q4I,74450000,10-K,2023-05-02
NYSE:SAR,SAR,0001377936,DebtInstrumentFaceAmount,CY2021Q1I,74450000,10-K,2023-05-02
NYSE:SAR,SAR,0001377936,DebtInstrumentFaceAmount,CY2022Q2I,43100000,10-K,2023-05-02
NYSE:SAR,SAR,0001377936,DebtInstrumentFaceAmount,CY2022Q3I,402100000,10-K,2025-05-07
NYSE:SAR,SAR,0001377936,DebtInstrumentFaceAmount,CY2023Q1I,10000000,10-K,2023-05-02
NYSE:SAR,SAR,0001377936,DebtInstrumentFaceAmount,CY2023Q3I,74450000,10-Q,2023-10-10
NYSE:SAR,SAR,0001377936,DebtInstrumentFaceAmount,CY2023Q4I,74450000,10-Q,2024-01-09
NYSE:SAR,SAR,0001377936,DebtInstrumentFaceAmount,CY2025Q2I,5000000,10-Q,2026-01-07
NYSE:TSLX,TSLX,0001508655,DebtInstrumentCarryingAmount,CY2021Q4I,1213932000,10-K,2023-02-16
NYSE:TSLX,TSLX,0001508655,DebtInstrumentCarryingAmount,CY2022Q3I,1536831000,10-Q,2022-11-01
NYSE:TSLX,TSLX,0001508655,DebtInstrumentCarryingAmount,CY2022Q4I,1516828000,10-K,2024-02-15
NYSE:TSLX,TSLX,0001508655,DebtInstrumentCarryingAmount,CY2023Q1I,1629389000,10-Q,2023-05-08
NYSE:TSLX,TSLX,0001508655,DebtInstrumentCarryingAmount,CY2023Q2I,1698284000,10-Q,2023-08-03
NYSE:TSLX,TSLX,0001508655,DebtInstrumentCarryingAmount,CY2023Q3I,1705747000,10-Q,2023-11-02
NYSE:TSLX,TSLX,0001508655,DebtInstrumentCarryingAmount,CY2023Q4I,1837159000,10-K,2025-02-13
NYSE:TSLX,TSLX,0001508655,DebtInstrumentCarryingAmount,CY2024Q1I,1877871000,10-Q,2024-05-01
NYSE:TSLX,TSLX,0001508655,DebtInstrumentCarryingAmount,CY2024Q2I,1785042000,10-Q,2024-07-31
NYSE:TSLX,TSLX,0001508655,DebtInstrumentCarryingAmount,CY2024Q3I,1907480000,10-Q,2024-11-05
NYSE:TSLX,TSLX,0001508655,DebtInstrumentCarryingAmount,CY2024Q4I,1954058000,10-K,2026-02-12
NYSE:TSLX,TSLX,0001508655,DebtInstrumentCarryingAmount,CY2025Q1I,1889155000,10-Q,2025-04-30
NYSE:TSLX,TSLX,0001508655,DebtInstrumentCarryingAmount,CY2025Q2I,1757117000,10-Q,2025-07-30
NYSE:TSLX,TSLX,0001508655,DebtInstrumentCarryingAmount,CY2025Q3I,1858673000,10-Q,2025-11-04
NYSE:TSLX,TSLX,0001508655,DebtInstrumentCarryingAmount,CY2025Q4I,1763915000,10-Q,2026-05-05
NYSE:TSLX,TSLX,0001508655,DebtInstrumentCarryingAmount,CY2026Q1I,1827432000,10-Q,2026-05-05
NYSE:TSLX,TSLX,0001508655,DebtInstrumentFaceAmount,CY2021Q4I,2407490000,10-K,2023-02-16
NYSE:TSLX,TSLX,0001508655,DebtInstrumentFaceAmount,CY2022Q3I,2382500000,10-Q,2022-11-01
NYSE:TSLX,TSLX,0001508655,DebtInstrumentFaceAmount,CY2022Q4I,2382500000,10-K,2024-02-15
NYSE:TSLX,TSLX,0001508655,DebtInstrumentFaceAmount,CY2023Q1I,2232500000,10-Q,2023-05-08
NYSE:TSLX,TSLX,0001508655,DebtInstrumentFaceAmount,CY2023Q2I,2357500000,10-Q,2023-08-03
NYSE:TSLX,TSLX,0001508655,DebtInstrumentFaceAmount,CY2023Q3I,2657500000,10-Q,2023-11-02
NYSE:TSLX,TSLX,0001508655,DebtInstrumentFaceAmount,CY2023Q4I,2657500000,10-K,2025-02-13
NYSE:TSLX,TSLX,0001508655,DebtInstrumentFaceAmount,CY2024Q1I,2982500000,10-Q,2024-05-01
NYSE:TSLX,TSLX,0001508655,DebtInstrumentFaceAmount,CY2024Q2I,2997500000,10-Q,2024-07-31
NYSE:TSLX,TSLX,0001508655,DebtInstrumentFaceAmount,CY2024Q3I,2997500000,10-Q,2024-11-05
NYSE:TSLX,TSLX,0001508655,DebtInstrumentFaceAmount,CY2024Q4I,2650000000,10-K,2026-02-12
NYSE:TSLX,TSLX,0001508655,DebtInstrumentFaceAmount,CY2025Q1I,2925000000,10-Q,2025-04-30
NYSE:TSLX,TSLX,0001508655,DebtInstrumentFaceAmount,CY2025Q2I,2925000000,10-Q,2025-07-30
NYSE:TSLX,TSLX,0001508655,DebtInstrumentFaceAmount,CY2025Q3I,2925000000,10-Q,2025-11-04
NYSE:TSLX,TSLX,0001508655,DebtInstrumentFaceAmount,CY2025Q4I,2925000000,10-Q,2026-05-05
NYSE:TSLX,TSLX,0001508655,DebtInstrumentFaceAmount,CY2026Q1I,2925000000,10-Q,2026-05-05
NasdaqGS:SLRC,SLRC,0001418076,LineOfCreditFacilityMaximumBorrowingCapacity,CY2024Q3I,30000000,10-Q,2026-05-05
NasdaqGS:SLRC,SLRC,0001418076,DebtInstrumentCarryingAmount,CY2021Q4I,1093200000,10-Q,2023-08-08
NasdaqGS:SLRC,SLRC,0001418076,DebtInstrumentCarryingAmount,CY2022Q2I,1006600000,10-Q,2022-08-02
NasdaqGS:SLRC,SLRC,0001418076,DebtInstrumentCarryingAmount,CY2022Q3I,1156200000,10-Q,2022-11-02
NasdaqGS:SLRC,SLRC,0001418076,DebtInstrumentCarryingAmount,CY2022Q4I,1093200000,10-K,2024-02-27
NasdaqGS:SLRC,SLRC,0001418076,DebtInstrumentCarryingAmount,CY2023Q1I,1122200000,10-Q,2023-05-10
NasdaqGS:SLRC,SLRC,0001418076,DebtInstrumentCarryingAmount,CY2023Q2I,1219200000,10-Q,2023-08-08
NasdaqGS:SLRC,SLRC,0001418076,DebtInstrumentCarryingAmount,CY2023Q3I,1197750000,10-Q,2023-11-07
NasdaqGS:SLRC,SLRC,0001418076,DebtInstrumentCarryingAmount,CY2023Q4I,1183250000,10-K,2025-02-25
NasdaqGS:SLRC,SLRC,0001418076,DebtInstrumentCarryingAmount,CY2024Q1I,1162250000,10-Q,2024-05-08
NasdaqGS:SLRC,SLRC,0001418076,DebtInstrumentCarryingAmount,CY2024Q2I,1158850000,10-Q,2024-08-07
NasdaqGS:SLRC,SLRC,0001418076,DebtInstrumentCarryingAmount,CY2024Q3I,1111827000,10-Q,2024-11-06
NasdaqGS:SLRC,SLRC,0001418076,DebtInstrumentCarryingAmount,CY2024Q4I,1041093000,10-K,2026-02-24
NasdaqGS:SLRC,SLRC,0001418076,DebtInstrumentCarryingAmount,CY2025Q1I,1048260000,10-Q,2025-05-07
NasdaqGS:SLRC,SLRC,0001418076,DebtInstrumentCarryingAmount,CY2025Q2I,1181260000,10-Q,2025-08-05
NasdaqGS:SLRC,SLRC,0001418076,DebtInstrumentCarryingAmount,CY2025Q3I,1147436000,10-Q,2025-11-04
NasdaqGS:SLRC,SLRC,0001418076,DebtInstrumentCarryingAmount,CY2025Q4I,1154436000,10-Q,2026-05-05
NasdaqGS:SLRC,SLRC,0001418076,DebtInstrumentCarryingAmount,CY2026Q1I,1145443000,10-Q,2026-05-05
NasdaqGS:SLRC,SLRC,0001418076,DebtInstrumentFaceAmount,CY2021Q4I,818500000,10-K,2023-02-28
NasdaqGS:SLRC,SLRC,0001418076,DebtInstrumentFaceAmount,CY2022Q2I,1006600000,10-Q,2022-08-02
NasdaqGS:SLRC,SLRC,0001418076,DebtInstrumentFaceAmount,CY2022Q3I,1156200000,10-Q,2022-11-02
NasdaqGS:SLRC,SLRC,0001418076,DebtInstrumentFaceAmount,CY2022Q4I,1093200000,10-K,2024-02-27
NasdaqGS:SLRC,SLRC,0001418076,DebtInstrumentFaceAmount,CY2023Q1I,1122200000,10-Q,2023-05-10
NasdaqGS:SLRC,SLRC,0001418076,DebtInstrumentFaceAmount,CY2023Q2I,1219200000,10-Q,2023-08-08
NasdaqGS:SLRC,SLRC,0001418076,DebtInstrumentFaceAmount,CY2023Q3I,1197750000,10-Q,2023-11-07
NasdaqGS:SLRC,SLRC,0001418076,DebtInstrumentFaceAmount,CY2023Q4I,1183250000,10-K,2025-02-25
NasdaqGS:SLRC,SLRC,0001418076,DebtInstrumentFaceAmount,CY2024Q1I,1162250000,10-Q,2024-05-08
NasdaqGS:SLRC,SLRC,0001418076,DebtInstrumentFaceAmount,CY2024Q2I,1158850000,10-Q,2024-08-07
NasdaqGS:SLRC,SLRC,0001418076,DebtInstrumentFaceAmount,CY2024Q3I,1111827000,10-Q,2024-11-06
NasdaqGS:SLRC,SLRC,0001418076,DebtInstrumentFaceAmount,CY2024Q4I,1041093000,10-K,2026-02-24
NasdaqGS:SLRC,SLRC,0001418076,DebtInstrumentFaceAmount,CY2025Q1I,1048260000,10-Q,2025-05-07
NasdaqGS:SLRC,SLRC,0001418076,DebtInstrumentFaceAmount,CY2025Q2I,1181260000,10-Q,2025-08-05
NasdaqGS:SLRC,SLRC,0001418076,DebtInstrumentFaceAmount,CY2025Q3I,1147436000,10-Q,2025-11-04
NasdaqGS:SLRC,SLRC,0001418076,DebtInstrumentFaceAmount,CY2025Q4I,1154436000,10-Q,2026-05-05
NasdaqGS:SLRC,SLRC,0001418076,DebtInstrumentFaceAmount,CY2026Q1I,1145443000,10-Q,2026-05-05
NYSE:SCM,SCM,0001551901,DebtInstrumentFaceAmount,CY2022Q3I,306000000,10-Q,2022-11-03
NYSE:SCM,SCM,0001551901,DebtInstrumentFaceAmount,CY2022Q4I,313600000,10-K,2023-02-28
NYSE:SCM,SCM,0001551901,DebtInstrumentFaceAmount,CY2023Q1I,313600000,10-Q,2023-05-09
NYSE:SCM,SCM,0001551901,DebtInstrumentFaceAmount,CY2023Q2I,313600000,10-Q,2023-08-09
NYSE:SCM,SCM,0001551901,DebtInstrumentFaceAmount,CY2023Q3I,325000000,10-Q,2023-11-07
NYSE:SCM,SCM,0001551901,DebtInstrumentFaceAmount,CY2023Q4I,325000000,10-K,2024-03-04
NYSE:SCM,SCM,0001551901,DebtInstrumentFaceAmount,CY2024Q1I,325000000,10-Q,2024-05-09
NYSE:SCM,SCM,0001551901,DebtInstrumentFaceAmount,CY2024Q2I,325000000,10-Q,2024-08-07
NYSE:SCM,SCM,0001551901,DebtInstrumentFaceAmount,CY2024Q3I,325000000,10-Q,2024-11-07
NYSE:SCM,SCM,0001551901,DebtInstrumentFaceAmount,CY2024Q4I,325000000,10-K,2025-03-04
NYSE:SCM,SCM,0001551901,DebtInstrumentFaceAmount,CY2025Q1I,308750000,10-Q,2025-05-12
NYSE:SCM,SCM,0001551901,DebtInstrumentFaceAmount,CY2025Q2I,308750000,10-Q,2025-08-06
NYSE:SCM,SCM,0001551901,DebtInstrumentFaceAmount,CY2025Q3I,299000000,10-Q,2025-11-10
NYSE:SCM,SCM,0001551901,DebtInstrumentFaceAmount,CY2025Q4I,299000000,10-K,2026-03-11
NYSE:SCM,SCM,0001551901,DebtInstrumentFaceAmount,CY2026Q1I,260000000,10-Q,2026-05-11
NYSE:TPVG,TPVG,0001580345,LineOfCreditFacilityMaximumBorrowingCapacity,CY2021Q4I,620000000,10-K,2023-03-01
NYSE:TPVG,TPVG,0001580345,LineOfCreditFacilityMaximumBorrowingCapacity,CY2022Q3I,745000000,10-Q,2022-11-02
NYSE:TPVG,TPVG,0001580345,LineOfCreditFacilityMaximumBorrowingCapacity,CY2022Q4I,745000000,10-K,2024-03-06
NYSE:TPVG,TPVG,0001580345,LineOfCreditFacilityMaximumBorrowingCapacity,CY2023Q1I,745000000,10-Q,2023-05-03
NYSE:TPVG,TPVG,0001580345,LineOfCreditFacilityMaximumBorrowingCapacity,CY2023Q2I,745000000,10-Q,2023-08-02
NYSE:TPVG,TPVG,0001580345,LineOfCreditFacilityMaximumBorrowingCapacity,CY2023Q3I,745000000,10-Q,2023-11-01
NYSE:TPVG,TPVG,0001580345,LineOfCreditFacilityMaximumBorrowingCapacity,CY2023Q4I,745000000,10-K,2025-03-05
NYSE:TPVG,TPVG,0001580345,LineOfCreditFacilityMaximumBorrowingCapacity,CY2024Q1I,745000000,10-Q,2024-05-01
NYSE:TPVG,TPVG,0001580345,LineOfCreditFacilityMaximumBorrowingCapacity,CY2024Q2I,745000000,10-Q,2024-08-07
NYSE:TPVG,TPVG,0001580345,LineOfCreditFacilityMaximumBorrowingCapacity,CY2024Q3I,695000000,10-Q,2024-11-06
NYSE:TPVG,TPVG,0001580345,LineOfCreditFacilityMaximumBorrowingCapacity,CY2024Q4I,695000000,10-K,2026-03-04
NYSE:TPVG,TPVG,0001580345,LineOfCreditFacilityMaximumBorrowingCapacity,CY2025Q1I,675000000,10-Q,2025-05-07
NYSE:TPVG,TPVG,0001580345,LineOfCreditFacilityMaximumBorrowingCapacity,CY2025Q2I,675000000,10-Q,2025-08-06
NYSE:TPVG,TPVG,0001580345,LineOfCreditFacilityMaximumBorrowingCapacity,CY2025Q3I,675000000,10-Q,2025-11-05
NYSE:TPVG,TPVG,0001580345,LineOfCreditFacilityMaximumBorrowingCapacity,CY2025Q4I,675000000,10-Q,2026-05-06
NYSE:TPVG,TPVG,0001580345,LineOfCreditFacilityMaximumBorrowingCapacity,CY2026Q1I,550000000,10-Q,2026-05-06
NYSE:TPVG,TPVG,0001580345,DebtInstrumentCarryingAmount,CY2021Q4I,470000000,10-K,2023-03-01
NYSE:TPVG,TPVG,0001580345,DebtInstrumentCarryingAmount,CY2022Q3I,516000000,10-Q,2022-11-02
NYSE:TPVG,TPVG,0001580345,DebtInstrumentCarryingAmount,CY2022Q4I,570000000,10-K,2024-03-06
NYSE:TPVG,TPVG,0001580345,DebtInstrumentCarryingAmount,CY2023Q1I,615000000,10-Q,2023-05-03
NYSE:TPVG,TPVG,0001580345,DebtInstrumentCarryingAmount,CY2023Q2I,635000000,10-Q,2023-08-02
NYSE:TPVG,TPVG,0001580345,DebtInstrumentCarryingAmount,CY2023Q3I,605000000,10-Q,2023-11-01
NYSE:TPVG,TPVG,0001580345,DebtInstrumentCarryingAmount,CY2023Q4I,610000000,10-K,2025-03-05
NYSE:TPVG,TPVG,0001580345,DebtInstrumentCarryingAmount,CY2024Q1I,434000000,10-Q,2024-05-01
NYSE:TPVG,TPVG,0001580345,DebtInstrumentCarryingAmount,CY2024Q2I,405000000,10-Q,2024-08-07
NYSE:TPVG,TPVG,0001580345,DebtInstrumentCarryingAmount,CY2024Q3I,405000000,10-Q,2024-11-06
NYSE:TPVG,TPVG,0001580345,DebtInstrumentCarryingAmount,CY2024Q4I,400000000,10-K,2026-03-04
NYSE:TPVG,TPVG,0001580345,DebtInstrumentCarryingAmount,CY2025Q1I,380000000,10-Q,2025-05-07
NYSE:TPVG,TPVG,0001580345,DebtInstrumentCarryingAmount,CY2025Q2I,425000000,10-Q,2025-08-06
NYSE:TPVG,TPVG,0001580345,DebtInstrumentCarryingAmount,CY2025Q3I,470000000,10-Q,2025-11-05
NYSE:TPVG,TPVG,0001580345,DebtInstrumentCarryingAmount,CY2025Q4I,470000000,10-Q,2026-05-06
NYSE:TPVG,TPVG,0001580345,DebtInstrumentCarryingAmount,CY2026Q1I,447000000,10-Q,2026-05-06
