h,low,medium,high,high_minus_low,high_minus_low_se,high_minus_low_pval
0,-0.003475,-0.022698,-0.025562,-0.022086,0.048371,0.647959
1,-0.127810,-0.027800,-0.012538,0.115272,0.082046,0.160031
2,-0.006437,0.031750,-0.010877,-0.004441,0.121392,0.970819
3,-0.073857,0.071027,-0.018988,0.054870,0.119703,0.646680
4,-0.017765,0.011981,-0.049430,-0.031665,0.145160,0.827323
5,-0.065887,0.051657,-0.009232,0.056655,0.159738,0.722833
6,-0.128117,0.157144,0.016187,0.144304,0.209041,0.489996
7,0.002071,0.189806,-0.000641,-0.002713,0.255869,0.991541
8,0.023160,0.313393,0.062740,0.039580,0.321971,0.902162
