quarter_end,n_reporting,sum_assets,sum_debt,sum_nav,sum_bank_debt,sum_revolving,sum_undrawn,leverage_debt_assets,leverage_debt_nav,bank_debt_share_of_total_debt
2010-03-31,24,14458.063760000005,3805.4558899999997,9666.34073,2716.84974,2641.84974,1339.193,0.2632064675581427,0.39368112466691413,0.7139354176038026
2010-06-30,24,16204.55471,4249.39778,11147.17026,2798.34954,2723.34954,2563.153,0.26223477633591824,0.3812086548321906,0.6585284985958646
2010-09-30,24,16017.95997,4739.829830000001,10663.104890000002,2989.25664,2929.25664,1696.254,0.2959072090876252,0.44450747497054766,0.6306675022550334
2010-12-31,26,17418.413220000002,5076.54726,11578.7803,2656.93883,2539.48883,2213.164,0.29144717121368185,0.43843540757051935,0.5233751788218357
2011-03-31,27,18507.395370000002,5273.99133,12621.87454,1984.5539999999999,1903.5539999999999,2108.281,0.28496669707229577,0.4178453298110504,0.376290720978489
2011-06-30,30,21439.964130000004,6267.30028,14380.701280000001,2593.5474999999997,2503.5474999999997,2327.592,0.29231859913564134,0.4358132581973777,0.4138221218275502
2011-09-30,31,22453.52148,7265.084919999999,14368.715419999999,3523.13039,3418.6293899999996,1941.7400000000002,0.32356104704873223,0.5056182621508137,0.48494001498884065
2011-12-31,32,23680.229420000003,7696.738519999999,15094.509109999999,3507.2745999999997,3390.2735999999995,1924.9669999999999,0.32502803851635986,0.5099032014827808,0.45568322100151065
2012-03-31,33,25440.7709,7611.440679999999,16891.46337,3055.0751,2928.5701,2861.9680000000003,0.2991827845908553,0.4506087195214986,0.4013793483312019
2012-06-30,33,27700.968820000002,8559.57177,17864.736979999994,3414.2836600000005,3303.2736600000003,3524.8129999999996,0.30899900381173745,0.47913225812295185,0.3988848685125284
2012-09-30,35,30557.29330000001,9805.461580000001,19501.151540000003,3992.38358,3805.8585800000005,4428.3550000000005,0.3208877659331168,0.5028144907180184,0.4071591681255662
2012-12-31,35,33205.31765,11163.18083,20919.524380000003,3681.6902200000004,3451.6046000000006,3408.404,0.33618653938701293,0.5336249824433149,0.32980655568221234
2013-03-31,36,34983.63819,11654.576540000002,22115.84068,3881.2318799999994,3636.19782,4349.648,0.3331436392265067,0.5269786805138081,0.3330221279751447
2013-06-30,37,37914.19945,13156.325630000003,23322.27685,3943.5650499999997,3733.55615,5020.874,0.3470025958836381,0.564109830040029,0.29974668922815334
2013-09-30,37,39579.66804,13704.661429999998,24487.43177,4256.96312,4037.1491899999996,4873.35907,0.346255087742267,0.5596610358620715,0.3106215459421241
2013-12-31,38,43300.771290000004,14674.57579,26664.182050000003,3987.9331899999997,3761.0661899999996,4516.148,0.33889871595402704,0.5503478697558623,0.2717579879016046
2014-03-31,38,45844.577659999995,16349.452720000003,28047.628830000005,5438.89631,5192.914309999999,4650.569380000001,0.35662784029233446,0.5829174658255772,0.33266534379751395
2014-06-30,39,48648.66186,17965.49803,28364.262049999998,5346.142599999998,5058.573599999999,6474.11178,0.36929069255184643,0.6333849968784927,0.29757831322419503
2014-09-30,39,51082.177959999986,19331.54702,29344.948349999988,6200.33378,5893.641779999999,5406.355,0.37844014863926934,0.6587691615412234,0.32073655427500286
2014-12-31,40,52291.518350000006,20624.26143,29264.98681,5849.779229999999,5590.654229999999,4276.407,0.39440930538594693,0.7047418665827856,0.28363581648024133
2015-03-31,40,52363.309510000014,20175.02451,30094.915299999997,5431.5741100000005,5187.35091,7315.22582,0.38528933138091853,0.670379840211745,0.26922267714261133
2015-06-30,40,53124.86694000001,20270.956820000003,30392.999320000003,4797.09992,4553.23442,7854.0355,0.3815719076133276,0.6669613816843925,0.23664891413842984
2015-09-30,41,52670.791229999995,21017.66502,29765.974550000003,5717.913390000001,5356.85589,7345.93489,0.3990383385019068,0.7060969895238991,0.2720527415656756
2015-12-31,40,51576.68531,21343.720849999998,28591.428719999996,6066.476159999999,5707.472159999999,5757.267,0.41382498161163817,0.746507670498811,0.2842276753258793
2016-03-31,41,51218.434890000004,21195.379319999996,28396.730139999996,7080.06867,6709.36895,6544.403659999999,0.4138232526144259,0.7464021109298044,0.334038309157281
2016-06-30,42,52236.91327,21253.09463,29269.282510000005,6995.68846,6623.93546,6449.66403,0.4068596955594961,0.7261228430433431,0.3291609331153672
2016-09-30,41,53120.33291000001,21477.433319999996,29762.323979999997,6933.13885,6548.658920000001,7292.76268,0.40431661745020475,0.7216315948456388,0.32281040041892684
2016-12-31,42,53948.20057999998,21920.66935,30279.14734,7448.43724,6651.27824,5655.38362,0.4063280909155396,0.7239526629946377,0.33979059311890947
2017-03-31,44,57720.602719999995,22783.1928,32822.617510000004,8191.94636,7148.14554,8757.13096,0.39471508831119156,0.6941308929142744,0.3595609461725663
2017-06-30,44,59728.530849999996,23109.14393,34197.89594,8168.030439999999,7141.931439999999,8681.10083,0.3869029356847139,0.6757475363555948,0.35345447952298936
2017-09-30,44,59485.99503000001,22994.38574,34265.71776999999,7868.197690000001,6637.61697,8887.58583,0.3865512500615222,0.671060968118165,0.34217907705674594
2017-12-31,44,61027.30441,24137.11173,34713.20965,8341.69564,7115.6468300000015,9139.35288,0.395513319215929,0.6953292989431187,0.3455962640978337
2018-03-31,44,62478.843900000014,25096.54263,35183.448169999996,9123.00999,7973.4234799999995,9447.120890000002,0.4016806500159968,0.7133053732749016,0.3635166056337379
2018-06-30,44,64044.12008000001,25453.39852999999,35956.71634,8811.25637,7580.902690000002,9963.060120000002,0.3974353695265882,0.7078899610664502,0.3461720979858481
2018-09-30,45,66744.57106,26660.56055,37125.73762999999,10101.052039999999,9261.794439999998,10266.34766,0.3994416343770267,0.7181153089994513,0.37887620633692937
2018-12-31,44,71857.82715000001,30521.02125,38980.224640000015,13166.688250000001,11610.887680000002,8748.46168,0.42474177776470656,0.782987310408686,0.4313973684612536
2019-03-31,46,77488.59979000001,33884.09502,41303.42574999999,16920.485190000003,15338.391650000001,9736.764490000001,0.4372784527250263,0.82037008806709,0.49936364480186735
2019-06-30,46,80426.31641,34432.69431999999,43422.14494,15196.06911,14021.431250000003,13825.047119999996,0.42812720831907597,0.7929754360955341,0.44132675092966717
2019-09-30,47,85714.90165999999,38123.23556999999,45183.72262,17467.56924,16242.408499999998,13286.055430000004,0.4447678855331489,0.8437382614668678,0.4581869555097683
2019-12-31,47,89632.44394000001,41457.732299999996,45584.02321000001,19655.738019999997,18954.118469999994,8905.46638,0.4625304240030743,0.909479448731616,0.4741151271315435
2020-03-31,48,89111.71852999998,44761.17892,41122.653510000004,21137.639359999997,20558.2639,12309.572039999997,0.5023040701984766,1.0884798304446768,0.47223151556795495
2020-06-30,48,88231.79181999998,42068.38388,43409.41487999999,17815.950170000007,16557.532170000002,15714.730519999997,0.4767939425487688,0.9691073698250229,0.4234997527078762
2020-09-30,48,91389.04445999999,43674.955460000005,45151.39763000001,17049.817550000003,15527.252230000004,16637.566179999998,0.4779014346639336,0.9673001889753462,0.39037973526075354
2020-12-31,48,99788.36241999998,47990.78593999997,48759.98879,16005.668060000002,14525.121060000001,14667.16073,0.4809256788683554,0.9842247123289375,0.3335154394014496
2021-03-31,47,99877.16087999998,46702.806149999975,50088.16218000002,12214.029349999997,10034.943519999997,20018.852489999997,0.4676024602472659,0.9324120534142536,0.2615266695275441
2021-06-30,47,116038.14067,55216.66799000002,57106.311200000004,15876.754900000004,13642.653900000001,22123.26376,0.47584929981798224,0.9669100810349666,0.287535548194892
2021-09-30,47,123507.38600000006,60203.513060000005,59666.76184999999,18406.04976,16242.381080000003,21001.3464,0.48744868634819927,1.0089958159846077,0.30573049352877746
2021-12-31,47,131441.06089000002,65716.28179000002,61808.89818,21474.162959999998,20302.65296,16227.95696,0.4999676763488424,1.063217169777415,0.32677081501083494
2022-03-31,47,133125.84099000003,66348.80528999999,63191.62021999998,21182.279269999995,19491.970419999998,18944.989250000006,0.4983916330337691,1.04996208451387,0.3192563781279203
2022-06-30,47,135155.60361999998,69731.65250999999,61947.029469999994,24427.23004999999,22812.402049999997,17411.16799,0.5159360813929381,1.1256658003878937,0.3503033295603738
2022-09-30,47,135398.47508,69946.78938,61974.66947,24558.012559999996,23069.414359999995,17885.28368,0.5165995358416854,1.1286351339696785,0.35109563680734013
2022-12-31,49,139012.64863,72235.50726999999,63136.05633000001,26230.035420000007,24269.789420000005,16796.32802,0.5196326232317467,1.1441244744910721,0.36311831135840256
2023-03-31,49,140041.59347999998,72205.50811999997,64417.239849999976,26874.353500000005,25040.27025,19115.461049999998,0.5156004464510181,1.1209034768974193,0.37219256812564644
2023-06-30,49,139681.2533,70898.46696000002,65341.77292000002,25595.95595,23770.414950000002,21222.84674,0.5075732446910971,1.0850404540875136,0.36102269974950096
2023-09-30,48,140231.54461000004,69824.68827,66845.49532,23942.90821,22123.60221,22058.702889999997,0.49792426136494783,1.044568342799139,0.34290032369950463
2023-12-31,48,142214.09709,70306.97617,67993.65291999998,22744.737699999998,21006.4497,21966.74049,0.4943741697105198,1.034022635211581,0.32350612896512515
2024-03-31,48,144917.02808000005,71172.08631,69863.79509,20829.183019999997,19000.33831,26785.38085,0.4911230050254007,1.0187263119376013,0.2926594413612602
2024-06-30,48,151409.74756,75329.1495,71955.34735,22792.414069999995,20978.190069999997,26492.54256,0.4975184934520077,1.046887441646128,0.3025709731396874
2024-09-30,48,154963.60696,77650.00592999998,73098.96969999999,25177.640390000004,22988.622390000004,24988.15535,0.5010854319494732,1.0622585550614128,0.3242451830937035
2024-12-31,49,157324.00191000002,78287.29391000001,74521.61845000001,22859.04585,21310.423849999996,26490.122969999997,0.49761824616427974,1.0505313161244152,0.29198921955686735
2025-03-31,49,170314.79358000003,84737.94176999998,81329.88321,25934.251029999992,23650.88202999999,30975.97322000001,0.49753717800325425,1.041904136898858,0.3060524068473607
2025-06-30,49,170107.6023900001,84331.26433000002,81193.28283,24632.255099999995,22183.809099999995,33308.38696999999,0.4957524716423697,1.0386482894966844,0.29208924229584105
2025-09-30,49,172914.38822999998,86663.20234000003,81672.59427999996,26346.14878,24183.97578,32357.530930000004,0.501191388565803,1.061105051259798,0.3040061764235054
2025-12-31,49,174776.94489,89441.53672000003,80646.78524999999,28027.285320000003,25635.21464,30952.211919999998,0.511746768295396,1.109052722222428,0.3133587184189426
