rssd9001,quarter_end,n_loans,total_amount,mean_spread
12311,2010-03-31,8,176.4997,328.1250
12311,2010-06-30,12,233.4998,278.3333
12311,2010-09-30,9,164.7568,293.0000
12311,2010-12-31,11,292.4800,251.2500
12311,2011-03-31,11,204.3023,306.3462
12311,2011-06-30,19,474.5025,234.6774
12311,2011-09-30,7,109.4807,235.9375
12311,2011-12-31,27,515.2270,231.8243
12311,2012-03-31,20,341.2574,292.7041
12311,2012-06-30,21,514.9852,258.9773
12311,2012-09-30,15,247.2090,266.9286
12311,2012-12-31,28,312.0024,292.8409
12311,2013-03-31,15,344.9944,240.8594
12311,2013-06-30,17,296.9752,175.0000
12311,2013-09-30,18,346.6349,237.7500
12311,2013-12-31,12,163.9787,234.5676
12311,2014-03-31,4,77.9980,233.7143
12311,2014-06-30,18,319.9581,206.4516
12311,2014-09-30,15,353.4900,225.2841
12311,2014-12-31,17,291.3642,208.8021
12311,2015-03-31,4,101.5730,190.6250
12311,2015-06-30,12,211.7176,209.2308
12311,2015-09-30,9,357.9965,230.6889
12311,2015-12-31,24,510.3385,208.1452
12311,2016-03-31,10,176.8468,259.1735
12311,2016-06-30,16,370.3942,175.4841
12311,2016-09-30,4,72.5029,243.1863
12311,2016-12-31,9,163.0980,222.8175
12311,2017-03-31,4,82.4950,245.3646
12311,2017-06-30,10,212.6025,205.5385
12311,2017-09-30,3,74.9520,189.4167
12311,2017-12-31,1,59.8500,258.1321
12311,2018-03-31,1,75.0300,209.6939
12311,2018-06-30,2,95.0900,219.9423
12311,2018-09-30,3,178.0000,192.5000
12311,2018-12-31,4,187.4100,206.8581
12311,2019-03-31,6,135.0240,224.3929
12311,2019-06-30,2,25.0000,194.9123
12311,2019-09-30,0,0.0000,201.8750
12311,2019-12-31,0,0.0000,191.9565
12311,2020-03-31,1,42.9000,275.2344
12311,2020-06-30,1,50.0000,276.2821
12311,2020-09-30,1,99.9000,240.7143
12311,2020-12-31,0,0.0000,219.2391
12311,2021-03-31,3,107.5000,200.1087
12311,2021-06-30,8,348.5850,178.7676
12311,2021-09-30,5,293.5000,203.5241
12311,2021-12-31,4,113.6400,186.8889
12311,2022-03-31,5,440.1980,193.5904
12311,2022-06-30,6,254.9500,168.0435
12311,2022-09-30,2,224.9500,156.3760
12311,2022-12-31,5,515.1500,169.7607
12311,2023-03-31,2,147.0000,213.6111
12311,2023-06-30,5,107.5600,216.1296
12311,2023-09-30,5,180.2484,211.0400
12311,2023-12-31,3,109.9775,214.5759
12311,2024-03-31,1,58.3750,245.8636
12311,2024-06-30,5,547.6900,202.5481
12311,2024-09-30,21,1401.7774,203.9773
12311,2024-12-31,32,1203.9401,213.5750
12311,2025-03-31,35,1801.3215,202.9015
12311,2025-06-30,47,1558.7711,184.3382
12311,2025-09-30,39,2160.3520,210.5254
12311,2025-12-31,29,1497.9655,192.8609
35301,2010-03-31,1,24.9997,116.6667
35301,2010-06-30,6,429.9986,160.8333
35301,2010-09-30,6,241.2502,162.5000
35301,2010-12-31,4,125.0403,57.5000
35301,2011-03-31,5,127.4900,141.1111
35301,2011-06-30,5,159.6950,153.1250
35301,2011-09-30,2,69.9375,150.0000
35301,2011-12-31,10,450.3300,82.2917
35301,2012-03-31,1,100.8000,115.3889
35301,2012-06-30,7,620.3220,146.7500
35301,2012-09-30,4,313.5600,139.2000
35301,2012-12-31,10,302.2050,175.0000
35301,2013-03-31,2,140.0000,87.9167
35301,2013-06-30,3,795.2859,152.9545
35301,2013-09-30,6,255.0650,212.5000
35301,2013-12-31,3,100.3500,135.3571
35301,2014-03-31,5,207.5175,131.2500
35301,2014-06-30,7,875.3480,181.1957
35301,2014-09-30,5,195.0000,137.2727
35301,2014-12-31,6,305.1640,142.7500
35301,2015-03-31,3,100.1043,102.2941
35301,2015-06-30,2,659.8000,129.3750
35301,2015-09-30,3,394.9855,136.1364
35301,2015-12-31,6,273.7977,138.5000
35301,2016-03-31,2,42.3750,118.7500
35301,2016-06-30,7,735.0404,125.0000
35301,2016-09-30,2,105.0704,127.5000
35301,2016-12-31,4,170.0000,131.9444
35301,2017-03-31,0,0.0000,136.9231
35301,2017-06-30,3,175.5219,110.6250
35301,2017-09-30,1,160.0000,189.3750
35301,2017-12-31,0,0.0000,147.5000
35301,2018-03-31,0,0.0000,153.7500
35301,2018-06-30,1,131.2000,116.5000
35301,2018-09-30,2,175.4900,172.5000
35301,2018-12-31,1,25.0560,125.0000
35301,2019-03-31,0,0.0000,157.2727
35301,2019-06-30,0,0.0000,138.0882
35301,2019-09-30,1,19.2000,138.9286
35301,2019-12-31,4,159.8400,151.6667
35301,2020-03-31,2,50.0500,153.5417
35301,2020-06-30,0,0.0000,144.8438
35301,2020-09-30,0,0.0000,187.5000
35301,2020-12-31,1,33.1920,181.0000
35301,2021-03-31,1,135.5200,158.9583
35301,2021-06-30,1,49.9500,137.2917
35301,2021-09-30,2,215.3000,131.2500
35301,2021-12-31,0,0.0000,153.4375
35301,2022-03-31,0,0.0000,175.5333
35301,2022-06-30,0,0.0000,149.1250
35301,2022-09-30,0,0.0000,162.5000
35301,2022-12-31,1,60.0000,134.5000
35301,2023-03-31,1,156.0000,190.4167
35301,2023-06-30,1,49.9800,151.4130
35301,2023-09-30,0,0.0000,287.5000
35301,2023-12-31,1,35.0000,191.8333
35301,2024-03-31,0,0.0000,219.7368
35301,2024-06-30,0,0.0000,135.0588
35301,2024-09-30,1,165.2000,213.5938
35301,2024-12-31,0,0.0000,213.8125
35301,2025-03-31,0,0.0000,196.8056
35301,2025-06-30,1,80.0040,153.5000
35301,2025-09-30,1,25.0200,177.5000
35301,2025-12-31,1,25.0200,183.7727
60143,2010-03-31,18,481.2822,312.5000
60143,2010-06-30,41,862.4975,286.9688
60143,2010-09-30,36,729.6475,293.0380
60143,2010-12-31,49,1111.0343,245.4279
60143,2011-03-31,32,494.2242,266.2857
60143,2011-06-30,36,1083.3020,217.3737
60143,2011-09-30,18,475.0945,206.8919
60143,2011-12-31,42,942.7351,211.1737
60143,2012-03-31,34,783.9323,260.1020
60143,2012-06-30,30,516.3027,248.0747
60143,2012-09-30,16,283.0268,259.5625
60143,2012-12-31,21,473.3516,250.1373
60143,2013-03-31,22,480.2480,238.9167
60143,2013-06-30,34,523.4155,220.9737
60143,2013-09-30,32,670.7675,213.1905
60143,2013-12-31,19,307.0874,242.8738
60143,2014-03-31,21,427.9413,233.8563
60143,2014-06-30,21,509.1814,233.0208
60143,2014-09-30,18,402.5734,227.7604
60143,2014-12-31,29,654.1310,236.2798
60143,2015-03-31,15,390.9637,231.1949
60143,2015-06-30,22,393.8649,226.3235
60143,2015-09-30,15,441.6182,246.7432
60143,2015-12-31,17,332.8130,241.8750
60143,2016-03-31,15,200.7798,268.0833
60143,2016-06-30,18,539.6985,207.1429
60143,2016-09-30,11,344.2084,269.2606
60143,2016-12-31,11,240.1031,259.0407
60143,2017-03-31,5,109.9200,228.4146
60143,2017-06-30,4,140.7218,216.0000
60143,2017-09-30,2,74.9565,235.3659
60143,2017-12-31,0,0.0000,245.6180
60143,2018-03-31,1,50.0000,217.2449
60143,2018-06-30,3,76.9625,220.4565
60143,2018-09-30,3,125.2000,209.7656
60143,2018-12-31,3,134.8800,214.1103
60143,2019-03-31,3,44.9813,185.1351
60143,2019-06-30,4,40.8000,187.4740
60143,2019-09-30,5,92.5350,225.3846
60143,2019-12-31,3,129.9610,211.2234
60143,2020-03-31,4,88.7617,205.0152
60143,2020-06-30,0,0.0000,217.2483
60143,2020-09-30,2,164.9250,222.7976
60143,2020-12-31,1,47.8500,260.8854
60143,2021-03-31,7,195.1950,226.4167
60143,2021-06-30,5,293.4500,202.0283
60143,2021-09-30,2,42.4875,186.5254
60143,2021-12-31,3,160.4000,212.9444
60143,2022-03-31,6,281.6800,184.0426
60143,2022-06-30,4,166.8950,206.7697
60143,2022-09-30,2,212.4500,175.8203
60143,2022-12-31,4,80.0000,217.0000
60143,2023-03-31,4,154.8610,233.7500
60143,2023-06-30,2,37.5140,248.1716
60143,2023-09-30,1,108.2000,339.4953
60143,2023-12-31,4,145.1450,295.4483
60143,2024-03-31,8,291.9400,298.9214
60143,2024-06-30,1,40.0400,273.1928
60143,2024-09-30,9,361.3400,258.3821
60143,2024-12-31,17,359.8080,255.4710
60143,2025-03-31,7,132.6590,239.3561
60143,2025-06-30,17,556.2750,221.3441
60143,2025-09-30,11,253.6405,247.8354
60143,2025-12-31,11,366.7550,234.9725
64619,2010-06-30,0,0.0000,200.0000
64619,2011-03-31,1,10.0000,455.0000
64619,2014-09-30,0,0.0000,275.0000
64619,2015-09-30,0,0.0000,
64619,2015-12-31,0,0.0000,200.0000
64619,2016-06-30,0,0.0000,250.0000
64619,2016-09-30,0,0.0000,200.0000
64619,2016-12-31,0,0.0000,395.0000
64619,2017-03-31,0,0.0000,
64619,2017-06-30,0,0.0000,250.0000
64619,2017-09-30,0,0.0000,425.0000
64619,2017-12-31,0,0.0000,250.0000
64619,2018-03-31,0,0.0000,375.0000
64619,2018-06-30,0,0.0000,
64619,2018-09-30,0,0.0000,
64619,2018-12-31,0,0.0000,350.0000
64619,2019-03-31,0,0.0000,
64619,2019-06-30,0,0.0000,300.0000
64619,2019-12-31,0,0.0000,425.0000
64619,2020-03-31,0,0.0000,250.0000
64619,2020-06-30,0,0.0000,300.0000
64619,2020-09-30,0,0.0000,300.0000
64619,2020-12-31,0,0.0000,300.0000
64619,2021-03-31,0,0.0000,283.3333
64619,2021-06-30,0,0.0000,299.1667
64619,2021-09-30,0,0.0000,223.3333
64619,2021-12-31,0,0.0000,362.5000
64619,2022-09-30,0,0.0000,
64619,2023-03-31,0,0.0000,250.0000
66015,2010-03-31,0,0.0000,250.0000
167565,2010-03-31,60,2710.0807,332.5247
167565,2010-06-30,134,7935.2422,294.7575
167565,2010-09-30,108,5527.5083,287.2042
167565,2010-12-31,129,7245.8844,299.7216
167565,2011-03-31,105,7120.6219,270.3925
167565,2011-06-30,112,7420.7784,241.3483
167565,2011-09-30,64,4540.8636,236.0789
167565,2011-12-31,136,9844.5370,218.4840
167565,2012-03-31,113,7078.3872,266.6588
167565,2012-06-30,119,7847.6570,248.5704
167565,2012-09-30,97,4455.0427,246.5382
167565,2012-12-31,123,7358.5470,264.1217
167565,2013-03-31,69,4709.2988,246.7361
167565,2013-06-30,124,9972.7735,244.3299
167565,2013-09-30,105,6159.3017,218.9083
167565,2013-12-31,71,4940.4671,220.5047
167565,2014-03-31,62,3971.8973,217.1998
167565,2014-06-30,93,5390.4062,206.7221
167565,2014-09-30,91,6906.1017,210.8175
167565,2014-12-31,108,10985.9277,192.7969
167565,2015-03-31,91,8039.0161,207.4498
167565,2015-06-30,99,8438.0063,203.1917
167565,2015-09-30,103,11424.7957,190.7356
167565,2015-12-31,123,15818.0060,190.9051
167565,2016-03-31,97,7161.7766,210.0278
167565,2016-06-30,99,8873.9777,206.1724
167565,2016-09-30,60,6577.9969,224.3608
167565,2016-12-31,62,6489.3853,209.8887
167565,2017-03-31,42,3470.2730,217.6363
167565,2017-06-30,27,3941.9086,208.8388
167565,2017-09-30,26,3572.2877,200.1729
167565,2017-12-31,15,1527.6260,203.1272
167565,2018-03-31,14,10152.6400,198.0051
167565,2018-06-30,28,7676.0810,187.5405
167565,2018-09-30,34,4198.7500,194.2067
167565,2018-12-31,35,4426.2075,192.3762
167565,2019-03-31,25,3385.4546,192.0752
167565,2019-06-30,24,2248.6670,177.7405
167565,2019-09-30,25,2006.1125,181.4279
167565,2019-12-31,50,5362.1189,181.9062
167565,2020-03-31,29,4360.0220,185.9218
167565,2020-06-30,17,1665.5425,197.9851
167565,2020-09-30,19,2995.5970,234.3609
167565,2020-12-31,17,1998.6045,222.1509
167565,2021-03-31,24,3275.3365,207.7847
167565,2021-06-30,54,6514.8413,177.8847
167565,2021-09-30,46,5138.7880,181.3080
167565,2021-12-31,36,5214.6195,200.0255
167565,2022-03-31,29,3669.7928,199.3332
167565,2022-06-30,36,4419.2726,184.2695
167565,2022-09-30,41,5102.3985,182.8849
167565,2022-12-31,34,4238.6400,193.1508
167565,2023-03-31,26,3407.0466,202.6502
167565,2023-06-30,32,2274.5465,217.1264
167565,2023-09-30,24,2817.5975,236.7983
167565,2023-12-31,21,2075.1447,231.7454
167565,2024-03-31,29,2940.5678,236.9738
167565,2024-06-30,25,2780.1065,225.7927
167565,2024-09-30,55,6386.6624,236.2056
167565,2024-12-31,95,7110.0293,231.4420
167565,2025-03-31,75,7729.8973,221.5457
167565,2025-06-30,124,13206.8943,203.2175
167565,2025-09-30,86,8393.1097,224.5105
167565,2025-12-31,78,11426.7861,213.9428
197478,2010-03-31,3,40.0003,275.0000
197478,2010-06-30,2,26.0004,237.5000
197478,2010-09-30,4,38.0002,332.5000
197478,2010-12-31,13,77.9710,345.3704
197478,2011-03-31,4,29.7692,275.0000
197478,2011-06-30,2,10.0065,334.6429
197478,2011-09-30,0,0.0000,566.6667
197478,2011-12-31,0,0.0000,450.0000
197478,2012-03-31,0,0.0000,341.6667
197478,2012-06-30,0,0.0000,425.0000
197478,2012-09-30,3,65.0000,508.3333
197478,2012-12-31,1,22.0000,312.5000
197478,2013-03-31,2,9.5037,304.1071
197478,2013-06-30,3,57.6202,295.0000
197478,2013-09-30,2,19.6755,288.8889
197478,2013-12-31,1,24.9900,316.6667
197478,2014-03-31,0,0.0000,350.0000
197478,2014-06-30,2,19.9805,319.3750
197478,2014-09-30,0,0.0000,335.7143
197478,2014-12-31,1,16.3149,295.8333
197478,2015-03-31,3,89.9950,258.3333
197478,2015-06-30,6,91.8182,254.7500
197478,2015-09-30,6,59.0182,271.6667
197478,2015-12-31,6,122.5195,378.7500
197478,2016-03-31,4,71.8842,222.5000
197478,2016-06-30,2,40.0080,382.1429
197478,2016-09-30,5,54.0030,326.8421
197478,2016-12-31,8,112.1166,305.5000
197478,2017-03-31,1,16.5000,314.5833
197478,2017-06-30,2,20.5400,405.5556
197478,2017-09-30,0,0.0000,322.5000
197478,2017-12-31,0,0.0000,318.2500
197478,2018-03-31,2,24.9900,273.1250
197478,2018-06-30,3,51.8840,328.6000
197478,2018-09-30,6,71.5085,285.4433
197478,2018-12-31,4,50.8075,348.5000
197478,2019-03-31,2,26.6125,321.2632
197478,2019-06-30,0,0.0000,290.2000
197478,2019-09-30,2,25.5026,313.7500
197478,2019-12-31,1,17.2260,273.4000
197478,2020-03-31,1,15.0000,342.1429
197478,2020-06-30,0,0.0000,362.5000
197478,2020-09-30,1,21.9912,259.3750
197478,2020-12-31,0,0.0000,297.2222
197478,2021-03-31,2,23.0028,365.7143
197478,2021-06-30,3,55.4402,228.1250
197478,2021-09-30,5,60.0046,306.4706
197478,2021-12-31,1,9.6128,345.2941
197478,2022-03-31,2,17.8378,322.7059
197478,2022-06-30,1,9.9900,318.8710
197478,2022-09-30,0,0.0000,353.4848
197478,2022-12-31,0,0.0000,318.8333
197478,2023-03-31,3,35.5477,328.5000
197478,2023-06-30,0,0.0000,372.4074
197478,2023-09-30,3,25.8937,363.8816
197478,2023-12-31,0,0.0000,337.6923
197478,2024-03-31,0,0.0000,340.3571
197478,2024-06-30,3,31.0764,309.5714
197478,2024-09-30,6,80.4820,282.9972
197478,2024-12-31,10,63.0126,318.1250
197478,2025-03-31,5,149.1742,265.9567
197478,2025-06-30,5,70.0734,313.1250
197478,2025-09-30,3,30.0050,246.0000
197478,2025-12-31,8,159.4976,242.4608
208244,2010-03-31,2,19.9991,312.5000
208244,2010-06-30,1,10.0000,
208244,2010-09-30,2,15.0000,175.0000
208244,2011-06-30,1,4.9993,
208244,2011-09-30,1,10.0000,100.0000
208244,2012-06-30,3,19.0105,275.0000
208244,2012-09-30,0,0.0000,175.0000
208244,2012-12-31,2,24.9980,175.0000
208244,2013-12-31,2,15.0000,145.8333
208244,2014-09-30,0,0.0000,350.0000
208244,2014-12-31,0,0.0000,140.6250
208244,2015-06-30,1,25.0000,156.2500
208244,2015-09-30,0,0.0000,162.5000
208244,2015-12-31,0,0.0000,175.0000
208244,2016-06-30,0,0.0000,
208244,2016-09-30,0,0.0000,225.0000
208244,2017-06-30,0,0.0000,143.7500
208244,2017-09-30,0,0.0000,100.0000
208244,2017-12-31,0,0.0000,
208244,2018-03-31,0,0.0000,200.0000
208244,2018-06-30,0,0.0000,278.1250
208244,2018-09-30,0,0.0000,175.0000
208244,2018-12-31,0,0.0000,175.0000
208244,2019-03-31,0,0.0000,75.0000
208244,2019-06-30,0,0.0000,160.8333
208244,2019-09-30,0,0.0000,216.6667
208244,2019-12-31,0,0.0000,150.0000
208244,2020-06-30,0,0.0000,237.5000
208244,2020-09-30,0,0.0000,150.0000
208244,2020-12-31,0,0.0000,150.0000
208244,2021-03-31,0,0.0000,80.0000
208244,2021-06-30,0,0.0000,300.0000
208244,2021-09-30,0,0.0000,347.5000
208244,2021-12-31,0,0.0000,398.7500
208244,2022-03-31,0,0.0000,160.0000
208244,2022-06-30,0,0.0000,230.0000
208244,2022-09-30,0,0.0000,197.2857
208244,2022-12-31,2,47.7472,278.2500
208244,2023-03-31,0,0.0000,321.3636
208244,2023-06-30,0,0.0000,240.8333
208244,2023-09-30,0,0.0000,332.9167
208244,2023-12-31,0,0.0000,462.2000
208244,2024-03-31,0,0.0000,330.5000
208244,2024-06-30,0,0.0000,279.2308
208244,2024-09-30,4,74.0056,265.2941
208244,2024-12-31,16,262.2969,261.7647
208244,2025-03-31,8,149.5373,243.5544
208244,2025-06-30,11,202.4347,215.4167
208244,2025-09-30,5,129.2900,204.5455
208244,2025-12-31,6,185.9981,255.0529
229801,2010-06-30,0,0.0000,
229801,2012-03-31,0,0.0000,275.0000
229801,2012-12-31,0,0.0000,275.0000
229801,2013-03-31,0,0.0000,350.0000
229801,2013-09-30,0,0.0000,275.0000
229801,2013-12-31,0,0.0000,100.0000
229801,2014-03-31,0,0.0000,362.5000
229801,2014-09-30,0,0.0000,325.0000
229801,2014-12-31,2,20.0019,233.7500
229801,2015-03-31,0,0.0000,
229801,2015-06-30,0,0.0000,225.0000
229801,2015-12-31,1,9.0003,362.5000
229801,2016-09-30,0,0.0000,283.3333
229801,2016-12-31,0,0.0000,375.0000
229801,2017-06-30,0,0.0000,175.0000
229801,2017-09-30,0,0.0000,250.0000
229801,2017-12-31,0,0.0000,225.0000
229801,2018-03-31,0,0.0000,325.0000
229801,2018-06-30,0,0.0000,212.5000
229801,2018-09-30,0,0.0000,
229801,2018-12-31,0,0.0000,
229801,2019-03-31,0,0.0000,287.5000
229801,2019-06-30,0,0.0000,145.0000
229801,2019-09-30,0,0.0000,178.3333
229801,2019-12-31,0,0.0000,171.6667
229801,2020-06-30,0,0.0000,
229801,2020-12-31,0,0.0000,300.0000
229801,2021-03-31,0,0.0000,200.0000
229801,2021-06-30,0,0.0000,181.6667
229801,2021-09-30,0,0.0000,148.3333
229801,2021-12-31,0,0.0000,131.6667
229801,2022-03-31,0,0.0000,
229801,2022-06-30,0,0.0000,171.0000
229801,2022-09-30,0,0.0000,301.0000
229801,2022-12-31,0,0.0000,162.5000
229801,2023-03-31,1,49.9110,165.0000
229801,2023-06-30,0,0.0000,175.0000
229801,2023-09-30,0,0.0000,110.0000
229801,2023-12-31,0,0.0000,300.0000
229801,2024-03-31,0,0.0000,125.0000
229801,2024-06-30,0,0.0000,292.2222
229801,2024-09-30,6,145.0279,226.4286
229801,2024-12-31,2,26.6650,226.0000
229801,2025-03-31,9,267.5184,249.0385
229801,2025-06-30,9,424.1757,271.7500
229801,2025-09-30,11,303.9412,309.0278
229801,2025-12-31,7,339.8745,283.5714
233031,2010-03-31,6,183.5410,340.3000
233031,2010-06-30,22,642.7192,312.4013
233031,2010-09-30,23,670.5210,312.5000
233031,2010-12-31,20,686.9830,322.4821
233031,2011-03-31,13,481.6862,296.0000
233031,2011-06-30,18,646.5925,303.4259
233031,2011-09-30,16,716.6125,266.0372
233031,2011-12-31,33,1152.4435,233.0340
233031,2012-03-31,36,1099.6768,262.8419
233031,2012-06-30,17,543.8337,262.3831
233031,2012-09-30,28,769.8312,269.9821
233031,2012-12-31,27,785.8175,271.8079
233031,2013-03-31,21,786.0645,252.0437
233031,2013-06-30,34,1148.1519,249.5029
233031,2013-09-30,43,1477.1591,235.3322
233031,2013-12-31,22,802.6885,233.0809
233031,2014-03-31,19,630.0435,236.5876
233031,2014-06-30,25,923.4759,216.4833
233031,2014-09-30,25,915.0593,239.5440
233031,2014-12-31,28,809.7335,221.1755
233031,2015-03-31,36,1370.8027,240.1241
233031,2015-06-30,33,1238.6011,215.7374
233031,2015-09-30,35,1544.6673,227.3994
233031,2015-12-31,44,1689.9847,235.0667
233031,2016-03-31,29,1028.9832,257.7536
233031,2016-06-30,18,397.6742,247.1799
233031,2016-09-30,9,585.1680,251.1581
233031,2016-12-31,18,506.0019,250.1609
233031,2017-03-31,8,370.5385,272.8333
233031,2017-06-30,12,449.4932,236.7486
233031,2017-09-30,8,362.5210,218.3589
233031,2017-12-31,4,164.8320,239.0432
233031,2018-03-31,3,294.9000,245.4444
233031,2018-06-30,2,204.8750,244.7455
233031,2018-09-30,2,143.0350,210.4966
233031,2018-12-31,5,280.1440,202.5402
233031,2019-03-31,1,80.0100,211.3036
233031,2019-06-30,4,135.0200,233.5714
233031,2019-09-30,4,135.0000,222.5191
233031,2019-12-31,14,619.1580,216.4643
233031,2020-03-31,6,367.9900,195.0216
233031,2020-06-30,4,146.9900,249.3200
233031,2020-09-30,1,84.9750,281.7067
233031,2020-12-31,3,211.2600,262.8510
233031,2021-03-31,6,403.1200,218.3105
233031,2021-06-30,25,1120.8817,204.0330
233031,2021-09-30,7,518.2600,206.8848
233031,2021-12-31,3,115.0000,216.9724
233031,2022-03-31,6,822.2750,221.7219
233031,2022-06-30,7,317.4279,201.0619
233031,2022-09-30,9,538.9250,190.4712
233031,2022-12-31,7,609.4350,231.3946
233031,2023-03-31,5,340.0150,204.4510
233031,2023-06-30,6,201.0449,222.2237
233031,2023-09-30,2,235.8650,239.9231
233031,2023-12-31,6,149.5100,236.2821
233031,2024-03-31,2,181.0000,252.6605
233031,2024-06-30,12,571.8540,222.2853
233031,2024-09-30,27,1897.3437,209.1588
233031,2024-12-31,29,1564.4343,230.6229
233031,2025-03-31,38,2184.8250,209.9376
233031,2025-06-30,48,2784.5999,200.2551
233031,2025-09-30,32,2244.6141,218.9535
233031,2025-12-31,22,1488.0985,192.4773
266271,2010-06-30,2,42.6000,250.0000
266271,2010-09-30,1,30.0000,300.0000
266271,2012-06-30,0,0.0000,300.0000
266271,2012-09-30,0,0.0000,250.0000
266271,2013-03-31,0,0.0000,
266271,2013-06-30,0,0.0000,200.0000
266271,2013-09-30,0,0.0000,
266271,2013-12-31,0,0.0000,
266271,2014-06-30,2,20.0000,
266271,2014-09-30,0,0.0000,
266271,2015-03-31,1,4.9998,
266271,2015-09-30,0,0.0000,200.0000
266271,2015-12-31,1,8.0000,275.0000
266271,2016-06-30,0,0.0000,425.0000
266271,2016-09-30,0,0.0000,200.0000
266271,2016-12-31,0,0.0000,312.5000
266271,2017-09-30,0,0.0000,230.0000
266271,2017-12-31,0,0.0000,
266271,2018-03-31,0,0.0000,
266271,2018-06-30,0,0.0000,
266271,2018-09-30,0,0.0000,
266271,2018-12-31,0,0.0000,190.0000
266271,2019-03-31,0,0.0000,160.0000
266271,2019-06-30,0,0.0000,
266271,2019-09-30,0,0.0000,
266271,2019-12-31,0,0.0000,
266271,2020-03-31,0,0.0000,
266271,2020-06-30,0,0.0000,
266271,2020-09-30,0,0.0000,265.0000
266271,2020-12-31,0,0.0000,208.7500
266271,2021-03-31,0,0.0000,200.0000
266271,2021-06-30,0,0.0000,237.5000
266271,2021-09-30,0,0.0000,
266271,2022-03-31,0,0.0000,
266271,2022-06-30,0,0.0000,
272218,2023-09-30,0,0.0000,
272218,2023-12-31,0,0.0000,425.0000
272218,2024-03-31,0,0.0000,600.0000
272218,2024-09-30,0,0.0000,483.3333
272218,2024-12-31,0,0.0000,
272218,2025-06-30,0,0.0000,483.3333
272218,2025-09-30,0,0.0000,
272218,2025-12-31,0,0.0000,225.0000
311845,2010-03-31,1,24.0000,425.0000
311845,2010-09-30,0,0.0000,
311845,2010-12-31,0,0.0000,275.0000
311845,2011-06-30,0,0.0000,175.0000
311845,2011-09-30,1,25.0200,285.0000
311845,2011-12-31,0,0.0000,275.0000
311845,2012-03-31,1,9.9900,283.3333
311845,2012-09-30,0,0.0000,162.5000
311845,2013-06-30,0,0.0000,
311845,2013-09-30,1,14.9990,
311845,2013-12-31,0,0.0000,87.5000
311845,2014-03-31,1,14.9875,140.0000
311845,2014-09-30,2,19.9500,134.3750
311845,2014-12-31,0,0.0000,112.5000
311845,2015-03-31,0,0.0000,118.7500
311845,2015-06-30,1,19.9850,160.0000
311845,2015-12-31,1,22.5080,425.0000
311845,2016-03-31,0,0.0000,137.5000
311845,2016-06-30,0,0.0000,146.5000
311845,2017-06-30,0,0.0000,125.0000
311845,2017-09-30,0,0.0000,221.6667
311845,2017-12-31,0,0.0000,147.6667
311845,2018-03-31,0,0.0000,125.0000
311845,2018-06-30,0,0.0000,187.5000
311845,2018-09-30,0,0.0000,175.0000
311845,2018-12-31,0,0.0000,217.5300
311845,2019-03-31,2,25.0250,190.0000
311845,2019-06-30,1,9.9750,366.6667
311845,2019-09-30,0,0.0000,387.5000
311845,2019-12-31,0,0.0000,277.5000
311845,2020-03-31,1,24.9900,180.0000
311845,2020-06-30,0,0.0000,284.3750
311845,2020-09-30,0,0.0000,370.0000
311845,2020-12-31,0,0.0000,418.7500
311845,2021-03-31,0,0.0000,355.5000
311845,2021-06-30,0,0.0000,300.0000
311845,2021-09-30,1,45.0000,266.9444
311845,2021-12-31,0,0.0000,370.8333
311845,2022-03-31,0,0.0000,318.1250
311845,2022-06-30,1,50.0000,263.1667
311845,2022-09-30,3,69.9000,248.1250
311845,2022-12-31,0,0.0000,299.1667
311845,2023-03-31,0,0.0000,268.7500
311845,2023-06-30,0,0.0000,356.2500
311845,2023-09-30,0,0.0000,185.0000
311845,2023-12-31,0,0.0000,374.5000
311845,2024-03-31,1,50.0000,110.0000
311845,2024-06-30,0,0.0000,262.5000
311845,2024-09-30,2,59.9900,236.2500
311845,2024-12-31,0,0.0000,295.0000
311845,2025-03-31,1,69.9470,233.7500
311845,2025-06-30,1,25.0250,221.9286
311845,2025-09-30,1,40.0000,125.0000
311845,2025-12-31,0,0.0000,206.2500
342634,2010-03-31,0,0.0000,333.3333
342634,2010-06-30,0,0.0000,275.0000
342634,2010-12-31,2,10.0125,284.3750
342634,2011-03-31,1,14.0030,325.0000
342634,2011-06-30,0,0.0000,175.0000
342634,2011-09-30,1,15.0350,202.0000
342634,2011-12-31,0,0.0000,250.0000
342634,2012-03-31,2,15.0070,245.0000
342634,2012-06-30,0,0.0000,275.0000
342634,2012-09-30,2,35.0000,168.7500
342634,2012-12-31,0,0.0000,206.6667
342634,2013-03-31,1,18.0000,150.0000
342634,2013-06-30,0,0.0000,350.0000
342634,2013-12-31,1,30.0000,200.0000
342634,2014-03-31,0,0.0000,270.0000
342634,2014-06-30,0,0.0000,225.0000
342634,2014-09-30,1,17.6083,205.0000
342634,2014-12-31,0,0.0000,263.7500
342634,2015-03-31,0,0.0000,308.3333
342634,2015-06-30,2,43.0000,140.8333
342634,2015-09-30,5,72.0185,206.3889
342634,2015-12-31,5,50.0161,274.4231
342634,2016-03-31,4,22.0055,296.7857
342634,2016-06-30,2,20.0015,271.7500
342634,2016-09-30,1,13.9594,238.3333
342634,2016-12-31,1,15.0025,227.5000
342634,2017-03-31,0,0.0000,260.7143
342634,2017-06-30,1,37.5300,233.2143
342634,2017-09-30,1,18.0000,341.6667
342634,2017-12-31,0,0.0000,231.2500
342634,2018-03-31,0,0.0000,256.0417
342634,2018-06-30,0,0.0000,248.9583
342634,2018-09-30,0,0.0000,225.0000
342634,2018-12-31,0,0.0000,232.9167
342634,2019-03-31,0,0.0000,235.6250
342634,2019-06-30,1,7.5000,183.5714
342634,2019-09-30,0,0.0000,193.3333
342634,2019-12-31,0,0.0000,224.3750
342634,2020-03-31,0,0.0000,250.8333
342634,2020-06-30,0,0.0000,233.3333
342634,2020-09-30,0,0.0000,236.6667
342634,2020-12-31,0,0.0000,271.8750
342634,2021-03-31,0,0.0000,224.0000
342634,2021-06-30,0,0.0000,307.7778
342634,2021-09-30,0,0.0000,189.5000
342634,2021-12-31,0,0.0000,189.0000
342634,2022-03-31,0,0.0000,347.5000
342634,2022-06-30,0,0.0000,237.5000
342634,2022-09-30,0,0.0000,278.5294
342634,2022-12-31,0,0.0000,232.3333
342634,2023-03-31,0,0.0000,342.0000
342634,2023-06-30,0,0.0000,252.5000
342634,2023-09-30,0,0.0000,224.1667
342634,2023-12-31,0,0.0000,250.5769
342634,2024-03-31,0,0.0000,286.0714
342634,2024-06-30,0,0.0000,244.1667
342634,2024-09-30,0,0.0000,271.8750
342634,2024-12-31,11,126.9353,294.6875
342634,2025-03-31,0,0.0000,225.0000
342634,2025-06-30,3,74.9435,217.3684
342634,2025-09-30,2,70.0487,272.1429
342634,2025-12-31,6,110.3887,229.5833
395238,2010-12-31,0,0.0000,250.0000
395238,2011-03-31,0,0.0000,250.0000
395238,2011-12-31,0,0.0000,
395238,2015-06-30,1,29.9750,
395238,2015-09-30,0,0.0000,138.0000
395238,2016-03-31,0,0.0000,225.0000
395238,2016-06-30,0,0.0000,225.0000
395238,2016-09-30,0,0.0000,225.0000
463735,2010-03-31,0,0.0000,
463735,2010-06-30,2,54.9998,269.4444
463735,2010-12-31,2,25.0125,234.3750
463735,2011-03-31,0,0.0000,150.0000
463735,2011-06-30,1,49.9500,233.3333
463735,2011-09-30,0,0.0000,150.0000
463735,2011-12-31,2,35.0175,275.0000
463735,2012-03-31,3,28.9950,240.0000
463735,2012-06-30,1,24.9900,150.0000
463735,2012-09-30,3,40.0025,240.0000
463735,2012-12-31,3,68.9510,260.8333
463735,2013-03-31,2,59.9760,225.0000
463735,2013-06-30,2,39.9600,247.7273
463735,2013-09-30,1,38.5500,365.0000
463735,2013-12-31,5,114.6700,258.3333
463735,2014-03-31,0,0.0000,280.6818
463735,2014-06-30,3,94.9800,235.9375
463735,2014-09-30,4,91.0200,261.1111
463735,2014-12-31,0,0.0000,286.6667
463735,2015-03-31,3,74.9500,225.0000
463735,2015-06-30,2,58.8000,220.8333
463735,2015-09-30,2,39.7700,267.0455
463735,2015-12-31,3,54.9980,233.7500
463735,2016-03-31,7,151.0141,256.9355
463735,2016-06-30,1,13.6125,388.3824
463735,2016-09-30,2,84.3600,316.9231
463735,2016-12-31,1,15.0080,287.8846
463735,2017-03-31,2,23.7400,265.3571
463735,2017-06-30,0,0.0000,279.7826
463735,2017-09-30,0,0.0000,192.8571
463735,2017-12-31,0,0.0000,258.5000
463735,2018-03-31,0,0.0000,265.2174
463735,2018-06-30,0,0.0000,268.7500
463735,2018-09-30,0,0.0000,234.3750
463735,2018-12-31,0,0.0000,282.5000
463735,2019-03-31,0,0.0000,387.5000
463735,2019-06-30,0,0.0000,250.0000
463735,2019-09-30,0,0.0000,283.8889
463735,2019-12-31,0,0.0000,280.0000
463735,2020-03-31,0,0.0000,
463735,2020-09-30,0,0.0000,350.0000
463735,2021-03-31,0,0.0000,475.0000
463735,2021-06-30,0,0.0000,375.0000
463735,2021-09-30,0,0.0000,263.5417
463735,2021-12-31,0,0.0000,425.0000
463735,2022-03-31,0,0.0000,225.0000
463735,2022-06-30,0,0.0000,375.0000
463735,2022-09-30,0,0.0000,337.5000
463735,2023-06-30,0,0.0000,250.0000
463735,2023-12-31,0,0.0000,225.0000
463735,2025-06-30,0,0.0000,300.0000
476810,2010-03-31,44,3537.0329,275.3769
476810,2010-06-30,94,9031.9906,258.0738
476810,2010-09-30,82,8125.2617,281.6014
476810,2010-12-31,106,8147.9006,245.6261
476810,2011-03-31,81,8770.3281,216.7188
476810,2011-06-30,118,10100.0171,232.8263
476810,2011-09-30,65,5393.8669,212.7827
476810,2011-12-31,105,9976.9079,205.8551
476810,2012-03-31,89,7944.2112,257.0489
476810,2012-06-30,131,11217.6901,248.4743
476810,2012-09-30,73,5493.6776,267.9659
476810,2012-12-31,88,5987.5527,280.0070
476810,2013-03-31,70,6005.9103,277.9825
476810,2013-06-30,114,9623.3071,256.4837
476810,2013-09-30,115,8096.7614,233.2582
476810,2013-12-31,96,7488.0281,226.0805
476810,2014-03-31,70,5503.0658,237.2726
476810,2014-06-30,96,7502.9041,234.9614
476810,2014-09-30,84,9594.3182,225.0261
476810,2014-12-31,104,11742.4425,217.0549
476810,2015-03-31,103,9691.2402,204.1088
476810,2015-06-30,87,9174.4728,214.2288
476810,2015-09-30,91,16056.6798,209.7765
476810,2015-12-31,126,19850.7153,207.7450
476810,2016-03-31,90,7791.9714,194.9073
476810,2016-06-30,134,14043.4415,242.4517
476810,2016-09-30,73,8087.1766,234.8012
476810,2016-12-31,91,9359.4171,246.7980
476810,2017-03-31,68,7889.1750,247.0596
476810,2017-06-30,66,10978.2206,237.2835
476810,2017-09-30,42,3992.7342,228.5168
476810,2017-12-31,45,3858.6416,237.7422
476810,2018-03-31,26,10966.6997,220.9830
476810,2018-06-30,64,4510.2353,224.3838
476810,2018-09-30,42,5435.6349,208.6338
476810,2018-12-31,52,5914.8823,215.4954
476810,2019-03-31,46,13652.8853,231.9313
476810,2019-06-30,44,3156.9669,210.1965
476810,2019-09-30,50,3630.0913,225.2332
476810,2019-12-31,66,7282.1495,191.5204
476810,2020-03-31,50,11349.9579,224.4462
476810,2020-06-30,32,4311.3818,222.8082
476810,2020-09-30,26,2193.9170,245.4151
476810,2020-12-31,33,2628.1567,241.9203
476810,2021-03-31,30,2861.8409,241.3957
476810,2021-06-30,70,7031.8964,209.1966
476810,2021-09-30,47,5230.5838,219.4822
476810,2021-12-31,25,4048.3665,208.1729
476810,2022-03-31,31,5813.7730,231.2680
476810,2022-06-30,56,4230.5069,195.0146
476810,2022-09-30,43,3675.8482,187.5732
476810,2022-12-31,39,5451.9797,209.0755
476810,2023-03-31,31,2828.0159,221.4409
476810,2023-06-30,57,3817.3099,209.5158
476810,2023-09-30,42,4688.9775,236.6268
476810,2023-12-31,55,4250.3701,245.0335
476810,2024-03-31,31,2434.3700,254.5256
476810,2024-06-30,39,3628.5689,236.9655
476810,2024-09-30,55,5796.2790,240.1131
476810,2024-12-31,70,6832.6234,237.6481
476810,2025-03-31,58,5259.6441,233.6580
476810,2025-06-30,98,10317.4002,225.7732
476810,2025-09-30,68,7424.6255,229.7290
476810,2025-12-31,74,27106.4524,217.4412
491224,2013-06-30,0,0.0000,200.0000
491224,2014-06-30,0,0.0000,
491224,2014-12-31,1,14.0000,350.0000
491224,2015-12-31,1,18.0030,425.0000
491224,2016-06-30,0,0.0000,
491224,2016-09-30,0,0.0000,
491224,2018-06-30,0,0.0000,425.0000
491224,2019-06-30,0,0.0000,
491224,2019-09-30,0,0.0000,400.0000
491224,2019-12-31,0,0.0000,150.0000
491224,2021-03-31,0,0.0000,160.8333
491224,2021-12-31,0,0.0000,168.7500
491224,2022-03-31,0,0.0000,236.2500
491224,2022-06-30,0,0.0000,229.9458
491224,2022-09-30,0,0.0000,220.3333
491224,2022-12-31,1,31.0050,292.9688
491224,2023-03-31,0,0.0000,309.0000
491224,2023-06-30,0,0.0000,334.6186
491224,2023-09-30,0,0.0000,327.5000
491224,2023-12-31,0,0.0000,269.0060
491224,2024-03-31,0,0.0000,281.6176
491224,2024-06-30,1,34.9800,298.6667
491224,2024-09-30,10,382.7620,273.1915
491224,2024-12-31,21,659.2013,265.0424
491224,2025-03-31,11,481.6225,263.4286
491224,2025-06-30,11,280.3980,269.9658
491224,2025-09-30,4,419.8335,264.4758
491224,2025-12-31,5,322.6955,257.1397
504713,2014-03-31,0,0.0000,250.0000
504713,2015-12-31,0,0.0000,250.0000
504713,2018-03-31,0,0.0000,225.0000
510871,2013-12-31,1,5.0250,187.5000
510871,2014-12-31,1,15.0150,250.0000
510871,2015-06-30,0,0.0000,275.0000
510871,2015-12-31,1,10.0000,325.0000
510871,2016-03-31,2,9.9840,225.0000
510871,2016-06-30,1,5.0000,241.6667
510871,2016-12-31,2,16.6675,218.7500
510871,2017-03-31,0,0.0000,200.0000
510871,2017-06-30,0,0.0000,325.0000
510871,2017-12-31,0,0.0000,175.0000
510871,2018-03-31,0,0.0000,150.0000
510871,2018-06-30,0,0.0000,200.0000
510871,2018-09-30,0,0.0000,275.0000
510871,2018-12-31,0,0.0000,262.5000
510871,2019-06-30,0,0.0000,300.0000
510871,2019-09-30,0,0.0000,250.0000
510871,2019-12-31,0,0.0000,205.0000
510871,2020-03-31,0,0.0000,275.0000
510871,2020-12-31,0,0.0000,
510871,2021-03-31,0,0.0000,
510871,2021-06-30,0,0.0000,250.0000
510871,2021-09-30,0,0.0000,387.5000
510871,2022-06-30,0,0.0000,153.1250
510871,2022-09-30,0,0.0000,400.0000
510871,2022-12-31,0,0.0000,175.0000
510871,2023-03-31,0,0.0000,210.0000
510871,2023-09-30,0,0.0000,212.5000
510871,2023-12-31,0,0.0000,237.5000
510871,2024-03-31,0,0.0000,
510871,2024-06-30,0,0.0000,231.2500
510871,2024-09-30,1,24.9600,185.0000
510871,2024-12-31,0,0.0000,215.0000
510871,2025-03-31,2,30.0000,200.0000
510871,2025-06-30,2,15.0020,175.0000
510871,2025-09-30,1,30.3750,212.8571
510871,2025-12-31,0,0.0000,
541101,2010-03-31,16,372.3320,210.0000
541101,2010-06-30,36,1819.9837,203.1522
541101,2010-09-30,21,790.4800,163.8478
541101,2010-12-31,34,1197.9485,196.1275
541101,2011-03-31,36,1425.4255,172.0481
541101,2011-06-30,26,1449.2299,146.1562
541101,2011-09-30,16,709.2969,132.6136
541101,2011-12-31,41,1820.0651,130.7719
541101,2012-03-31,30,1072.9069,176.5982
541101,2012-06-30,43,2819.9005,178.4853
541101,2012-09-30,25,799.0200,158.8837
541101,2012-12-31,34,1196.0176,145.8824
541101,2013-03-31,21,644.9936,132.1477
541101,2013-06-30,38,1986.1077,141.5635
541101,2013-09-30,23,974.6408,158.1280
541101,2013-12-31,20,1032.8222,115.3462
541101,2014-03-31,13,574.6360,120.9143
541101,2014-06-30,21,939.3358,115.2049
541101,2014-09-30,16,987.4616,110.0758
541101,2014-12-31,31,1375.2795,122.9430
541101,2015-03-31,28,1659.3686,114.3962
541101,2015-06-30,24,1180.3155,137.2656
541101,2015-09-30,22,1802.2770,114.7787
541101,2015-12-31,34,2301.7857,118.7130
541101,2016-03-31,22,1216.6945,123.0000
541101,2016-06-30,34,1809.9474,121.2025
541101,2016-09-30,13,836.5000,150.9756
541101,2016-12-31,22,1802.7200,119.1280
541101,2017-03-31,9,410.1700,143.1667
541101,2017-06-30,6,545.7515,131.4167
541101,2017-09-30,7,522.9654,132.9605
541101,2017-12-31,3,245.7500,126.7717
541101,2018-03-31,4,308.4940,117.7000
541101,2018-06-30,7,748.9500,133.0948
541101,2018-09-30,11,453.8900,126.9118
541101,2018-12-31,9,762.3595,117.0938
541101,2019-03-31,7,296.0000,116.0000
541101,2019-06-30,3,227.3400,124.1026
541101,2019-09-30,4,124.7250,123.6389
541101,2019-12-31,11,625.2060,118.3333
541101,2020-03-31,7,229.8300,113.4355
541101,2020-06-30,0,0.0000,172.8152
541101,2020-09-30,6,157.7000,211.9342
541101,2020-12-31,9,400.3750,167.5000
541101,2021-03-31,9,520.7200,109.0641
541101,2021-06-30,18,759.1455,126.9500
541101,2021-09-30,10,659.9000,119.4355
541101,2021-12-31,13,661.5650,137.4643
541101,2022-03-31,4,521.1250,116.7708
541101,2022-06-30,8,361.0000,124.7923
541101,2022-09-30,6,282.4150,126.4514
541101,2022-12-31,16,844.8000,128.9592
541101,2023-03-31,8,630.1060,135.9545
541101,2023-06-30,3,158.3131,183.8723
541101,2023-09-30,2,100.4675,96.8333
541101,2023-12-31,10,297.4291,172.0246
541101,2024-03-31,3,162.9000,137.8750
541101,2024-06-30,6,224.5900,155.7222
541101,2024-09-30,7,839.9250,140.3276
541101,2024-12-31,14,687.1600,152.2391
541101,2025-03-31,13,943.2511,120.5000
541101,2025-06-30,22,1024.8920,135.0610
541101,2025-09-30,6,387.7400,143.5517
541101,2025-12-31,11,554.0700,131.7097
564557,2019-06-30,0,0.0000,125.0000
564557,2022-06-30,0,0.0000,125.0000
606046,2010-06-30,1,10.0000,250.0000
606046,2010-12-31,0,0.0000,190.0000
606046,2011-03-31,1,7.9990,325.0000
606046,2011-06-30,1,49.9500,150.0000
606046,2011-09-30,0,0.0000,110.0000
606046,2011-12-31,0,0.0000,
606046,2012-12-31,2,24.9750,119.1667
606046,2013-09-30,1,0.0996,212.5000
606046,2014-12-31,0,0.0000,105.0000
606046,2015-06-30,1,6.0000,250.0000
606046,2015-09-30,1,15.0000,87.5000
606046,2016-03-31,2,29.9800,191.6667
606046,2016-06-30,1,7.5075,224.0000
606046,2016-09-30,1,50.0400,500.0000
606046,2017-03-31,0,0.0000,
606046,2017-06-30,0,0.0000,225.0000
606046,2017-12-31,0,0.0000,100.0000
606046,2018-09-30,0,0.0000,150.0000
606046,2019-03-31,0,0.0000,180.0000
606046,2019-06-30,0,0.0000,100.0000
606046,2020-06-30,0,0.0000,225.0000
606046,2020-09-30,0,0.0000,337.5000
606046,2020-12-31,0,0.0000,225.0000
606046,2021-03-31,1,22.5050,225.0000
606046,2021-06-30,0,0.0000,276.0000
606046,2021-09-30,0,0.0000,296.6667
606046,2021-12-31,0,0.0000,355.0000
606046,2022-06-30,0,0.0000,233.3333
606046,2022-09-30,0,0.0000,275.0000
606046,2022-12-31,0,0.0000,295.0000
606046,2023-06-30,0,0.0000,275.0000
612618,2013-09-30,1,15.0001,
612618,2018-12-31,0,0.0000,150.0000
613307,2010-03-31,2,15.0000,225.0000
613307,2010-06-30,5,35.0000,235.0000
613307,2010-09-30,2,20.0002,216.8750
613307,2010-12-31,5,35.0000,255.0000
613307,2011-03-31,2,20.0000,235.4167
613307,2011-06-30,0,0.0000,212.5000
613307,2011-09-30,0,0.0000,181.6667
613307,2012-03-31,0,0.0000,280.0000
613307,2012-06-30,0,0.0000,165.0000
613307,2012-09-30,1,20.0000,272.9167
613307,2012-12-31,11,80.1095,205.0000
613307,2013-03-31,2,24.9750,256.2500
613307,2013-06-30,3,42.1550,256.8182
613307,2013-09-30,0,0.0000,218.7500
613307,2013-12-31,2,35.0550,187.5000
613307,2014-03-31,4,35.0439,150.0000
613307,2014-06-30,2,23.3650,208.3333
613307,2014-09-30,1,22.9950,233.3333
613307,2014-12-31,0,0.0000,265.0000
613307,2015-03-31,0,0.0000,207.5000
613307,2015-06-30,3,45.0125,178.3333
613307,2015-09-30,0,0.0000,213.8889
613307,2015-12-31,5,102.4700,185.0000
613307,2016-03-31,3,53.7300,170.0000
613307,2016-06-30,2,41.0776,138.2500
613307,2016-09-30,2,85.0168,204.1667
613307,2016-12-31,2,43.3200,175.0000
613307,2017-03-31,0,0.0000,385.0000
613307,2017-06-30,3,80.0000,226.7857
613307,2017-09-30,1,21.0090,288.8636
613307,2017-12-31,0,0.0000,214.0000
613307,2018-03-31,0,0.0000,207.9545
613307,2018-06-30,0,0.0000,173.0952
613307,2018-09-30,0,0.0000,195.6250
613307,2018-12-31,0,0.0000,211.0000
613307,2019-03-31,0,0.0000,335.0000
613307,2019-06-30,0,0.0000,192.7500
613307,2019-09-30,0,0.0000,191.9444
613307,2019-12-31,2,49.9755,180.8929
613307,2020-03-31,1,42.9000,185.7143
613307,2020-06-30,0,0.0000,231.2500
613307,2020-09-30,0,0.0000,219.3182
613307,2020-12-31,0,0.0000,222.2222
613307,2021-03-31,0,0.0000,192.0833
613307,2021-06-30,0,0.0000,174.6429
613307,2021-09-30,0,0.0000,242.8571
613307,2021-12-31,1,67.6000,182.9861
613307,2022-03-31,0,0.0000,175.9615
637451,2014-06-30,0,0.0000,250.0000
637451,2022-12-31,0,0.0000,137.5000
637451,2025-09-30,0,0.0000,137.5000
661308,2010-06-30,0,0.0000,562.5000
661308,2010-12-31,0,0.0000,325.0000
661308,2011-03-31,0,0.0000,497.5000
661308,2011-06-30,1,10.0020,500.0000
661308,2011-09-30,1,15.0000,541.6667
661308,2011-12-31,0,0.0000,550.0000
661308,2012-03-31,2,15.0000,530.0000
661308,2012-06-30,1,15.0000,450.0000
661308,2012-09-30,2,30.0000,291.6667
661308,2012-12-31,2,44.9900,339.2857
661308,2013-03-31,2,15.0100,287.5000
661308,2013-06-30,3,29.9900,166.6667
661308,2013-09-30,0,0.0000,331.2500
661308,2013-12-31,2,15.0480,411.3636
661308,2014-09-30,0,0.0000,355.0000
661308,2014-12-31,0,0.0000,350.0000
661308,2015-06-30,0,0.0000,450.0000
661308,2015-09-30,1,20.0200,408.3333
661308,2015-12-31,0,0.0000,275.0000
661308,2016-03-31,2,7.5145,433.3333
661308,2016-06-30,2,14.9875,400.0000
661308,2016-09-30,1,4.9686,206.2500
661308,2016-12-31,0,0.0000,237.5000
661308,2017-03-31,0,0.0000,200.0000
661308,2017-06-30,0,0.0000,325.0000
661308,2017-09-30,0,0.0000,325.0000
661308,2018-03-31,0,0.0000,290.0000
661308,2018-06-30,0,0.0000,200.0000
661308,2018-12-31,0,0.0000,
661308,2020-12-31,0,0.0000,
661308,2021-06-30,0,0.0000,
661308,2021-09-30,0,0.0000,
661308,2021-12-31,0,0.0000,290.0000
661308,2022-03-31,0,0.0000,197.5000
661308,2022-06-30,0,0.0000,290.0000
661308,2022-12-31,0,0.0000,115.4167
661308,2023-03-31,0,0.0000,
661308,2023-06-30,2,35.0301,216.2500
661308,2023-09-30,0,0.0000,
661308,2024-06-30,0,0.0000,
661308,2024-09-30,0,0.0000,225.0000
661308,2024-12-31,2,20.0082,145.8333
661308,2025-06-30,0,0.0000,
661308,2025-09-30,0,0.0000,
661308,2025-12-31,0,0.0000,200.0000
676160,2011-12-31,0,0.0000,200.0000
676160,2012-03-31,0,0.0000,240.0000
676160,2012-09-30,2,9.0932,150.0000
676160,2012-12-31,1,7.0200,200.0000
676160,2013-03-31,4,10.4809,200.0000
676160,2013-06-30,4,32.8130,162.5000
676160,2013-09-30,2,7.5050,226.6667
676160,2015-12-31,1,40.0000,250.0000
676160,2016-03-31,0,0.0000,325.0000
676160,2016-09-30,2,13.5000,
676160,2016-12-31,0,0.0000,
676160,2017-03-31,0,0.0000,
682563,2010-03-31,1,20.0000,287.5000
682563,2010-06-30,1,30.9996,250.0000
682563,2010-09-30,4,66.2503,272.5000
682563,2010-12-31,4,129.7173,259.3750
682563,2011-03-31,4,55.0470,240.0000
682563,2011-06-30,3,107.9750,221.4286
682563,2011-09-30,0,0.0000,231.2500
682563,2011-12-31,2,50.0035,184.3750
682563,2012-03-31,1,30.0080,283.3333
682563,2012-06-30,0,0.0000,233.3333
682563,2012-09-30,1,10.0000,233.3333
682563,2012-12-31,0,0.0000,250.0000
682563,2013-03-31,0,0.0000,212.5000
682563,2013-06-30,2,19.9800,277.0833
682563,2013-09-30,2,10.0100,250.0000
682563,2013-12-31,0,0.0000,200.0000
682563,2014-03-31,1,22.5050,193.7500
682563,2014-06-30,0,0.0000,216.6667
682563,2014-09-30,1,58.7290,250.0000
682563,2014-12-31,2,55.0200,233.1250
682563,2015-03-31,0,0.0000,216.6667
682563,2015-06-30,0,0.0000,170.8333
682563,2015-09-30,3,33.5000,204.0000
682563,2015-12-31,1,18.5000,217.1875
682563,2016-03-31,0,0.0000,194.0000
682563,2016-06-30,0,0.0000,168.1250
682563,2016-09-30,1,40.0000,212.5000
682563,2016-12-31,0,0.0000,243.7500
682563,2017-03-31,1,10.0000,175.0000
682563,2017-06-30,0,0.0000,315.0000
682563,2017-09-30,0,0.0000,200.0000
682563,2017-12-31,0,0.0000,211.2500
682563,2018-03-31,0,0.0000,300.0000
682563,2018-06-30,0,0.0000,246.2500
682563,2018-09-30,1,30.0060,218.1818
682563,2018-12-31,0,0.0000,198.3333
682563,2019-03-31,0,0.0000,187.5000
682563,2019-06-30,0,0.0000,
682563,2019-09-30,1,30.0000,263.7500
682563,2019-12-31,1,35.0020,275.0000
682563,2020-03-31,0,0.0000,300.0000
682563,2020-06-30,0,0.0000,
682563,2020-09-30,0,0.0000,225.0000
682563,2020-12-31,0,0.0000,250.0000
682563,2021-03-31,0,0.0000,75.0000
682563,2021-06-30,0,0.0000,250.0000
682563,2021-09-30,0,0.0000,287.5000
682563,2021-12-31,0,0.0000,250.0000
682563,2022-03-31,0,0.0000,275.0000
682563,2022-06-30,0,0.0000,296.2500
682563,2022-09-30,2,35.0250,235.6250
682563,2022-12-31,0,0.0000,175.0000
682563,2023-03-31,0,0.0000,
682563,2023-06-30,0,0.0000,272.5000
682563,2023-09-30,0,0.0000,192.5000
682563,2023-12-31,0,0.0000,270.0000
682563,2024-03-31,0,0.0000,210.0000
682563,2024-06-30,0,0.0000,200.0000
682563,2024-09-30,0,0.0000,192.5000
682563,2024-12-31,3,28.5930,250.9375
682563,2025-03-31,0,0.0000,
682563,2025-06-30,0,0.0000,361.7857
682563,2025-09-30,1,65.0100,203.0000
682563,2025-12-31,0,0.0000,210.1923
711472,2013-06-30,0,0.0000,400.0000
711472,2017-09-30,0,0.0000,616.6667
723112,2010-03-31,21,706.3609,349.5930
723112,2010-06-30,49,1125.3472,310.8409
723112,2010-09-30,35,931.1298,338.9307
723112,2010-12-31,37,1063.9846,342.0507
723112,2011-03-31,33,1007.4670,305.2880
723112,2011-06-30,39,1155.3985,301.9528
723112,2011-09-30,26,913.3592,282.8986
723112,2011-12-31,60,2104.0893,278.3210
723112,2012-03-31,38,1167.4493,301.5433
723112,2012-06-30,60,1487.3380,289.3553
723112,2012-09-30,39,997.6303,288.6620
723112,2012-12-31,56,1691.2165,325.5463
723112,2013-03-31,32,852.7436,290.1678
723112,2013-06-30,80,3084.6774,290.2500
723112,2013-09-30,53,1558.9650,251.9737
723112,2013-12-31,29,1136.8988,266.7632
723112,2014-03-31,20,709.8234,288.0971
723112,2014-06-30,35,1330.4021,248.3913
723112,2014-09-30,37,1508.9208,253.6657
723112,2014-12-31,46,1763.2200,237.3384
723112,2015-03-31,45,2137.8379,269.1879
723112,2015-06-30,46,1702.4589,231.2539
723112,2015-09-30,35,2037.6775,241.5903
723112,2015-12-31,52,1836.8700,257.1439
723112,2016-03-31,42,1538.2041,269.7867
723112,2016-06-30,46,1805.5525,271.2763
723112,2016-09-30,21,940.1012,267.8469
723112,2016-12-31,27,977.3968,269.5210
723112,2017-03-31,16,772.0880,278.3000
723112,2017-06-30,22,944.6032,236.6353
723112,2017-09-30,11,488.0865,237.1281
723112,2017-12-31,5,282.3460,243.5109
723112,2018-03-31,1,30.0000,249.3958
723112,2018-06-30,3,208.4550,239.7791
723112,2018-09-30,12,798.5970,249.6037
723112,2018-12-31,12,615.9753,233.3012
723112,2019-03-31,4,135.0750,237.9746
723112,2019-06-30,10,667.8846,244.3972
723112,2019-09-30,8,285.0200,229.0676
723112,2019-12-31,13,685.5500,249.5235
723112,2020-03-31,12,515.6436,242.9628
723112,2020-06-30,4,148.5680,259.2445
723112,2020-09-30,1,15.0000,270.8263
723112,2020-12-31,5,219.5528,280.7799
723112,2021-03-31,4,162.5050,250.4063
723112,2021-06-30,15,865.3800,227.3071
723112,2021-09-30,5,226.6995,220.4146
723112,2021-12-31,9,657.1900,257.1103
723112,2022-03-31,6,707.3198,226.5947
723112,2022-06-30,6,552.0800,223.9056
723112,2022-09-30,2,94.0500,226.1113
723112,2022-12-31,7,469.0500,233.9974
723112,2023-03-31,4,223.2670,261.6379
723112,2023-06-30,6,258.7753,271.9699
723112,2023-09-30,3,209.1000,284.6000
723112,2023-12-31,10,300.1700,275.7509
723112,2024-03-31,1,17.4900,278.3510
723112,2024-06-30,3,365.0740,255.3125
723112,2024-09-30,19,1510.5771,263.2879
723112,2024-12-31,47,1809.4161,253.4640
723112,2025-03-31,36,1643.0347,229.8657
723112,2025-06-30,32,1994.4980,242.6453
723112,2025-09-30,32,1866.4151,259.0040
723112,2025-12-31,30,1566.1930,246.8182
725732,2010-06-30,2,7.0000,230.0000
725732,2010-09-30,0,0.0000,152.5000
725732,2010-12-31,1,2.9999,175.0000
725732,2011-09-30,1,6.0000,200.0000
725732,2011-12-31,0,0.0000,
725732,2012-06-30,1,6.9920,262.5000
725732,2012-09-30,1,5.0074,145.0000
725732,2014-06-30,0,0.0000,
725732,2016-06-30,1,5.0042,190.0000
725732,2017-03-31,0,0.0000,
725732,2017-12-31,0,0.0000,
725732,2018-06-30,0,0.0000,
725732,2019-09-30,1,2.9946,170.0000
725732,2021-12-31,0,0.0000,
783648,2012-06-30,1,4.4990,
783648,2012-12-31,1,12.9985,235.0000
783648,2013-06-30,1,10.0011,
783648,2014-09-30,1,0.2980,250.0000
783648,2015-06-30,2,20.0000,150.0000
783648,2015-12-31,0,0.0000,
783648,2016-03-31,1,42.2965,
783648,2016-09-30,0,0.0000,225.0000
783648,2017-06-30,0,0.0000,
783648,2017-09-30,1,4.0680,
783648,2018-09-30,0,0.0000,175.0000
783648,2018-12-31,0,0.0000,
783648,2020-12-31,0,0.0000,175.0000
783648,2021-12-31,0,0.0000,225.0000
783648,2022-06-30,0,0.0000,400.0000
783648,2022-09-30,0,0.0000,150.0000
783648,2023-06-30,0,0.0000,300.0000
783648,2024-03-31,0,0.0000,
783648,2024-12-31,1,20.0000,400.0000
795968,2010-03-31,1,9.9900,175.0000
795968,2010-06-30,5,92.5004,239.2857
795968,2010-09-30,2,20.0002,320.8333
795968,2010-12-31,0,0.0000,450.0000
795968,2011-03-31,0,0.0000,475.0000
795968,2011-06-30,1,10.0200,125.0000
795968,2011-09-30,0,0.0000,128.7500
795968,2011-12-31,1,10.0500,102.1667
795968,2012-06-30,1,10.0000,213.0000
795968,2012-09-30,2,20.0060,225.0000
795968,2012-12-31,2,34.9600,229.1667
795968,2013-03-31,3,25.0300,240.0000
795968,2013-06-30,2,35.0000,230.5000
795968,2013-09-30,2,35.0100,214.6154
795968,2013-12-31,0,0.0000,233.3333
795968,2014-03-31,0,0.0000,337.5000
795968,2014-06-30,2,40.0050,154.1667
795968,2014-09-30,1,10.0000,250.0000
795968,2015-03-31,2,15.0000,150.0000
795968,2015-06-30,0,0.0000,140.0000
795968,2015-09-30,0,0.0000,75.0000
795968,2015-12-31,1,30.8200,162.5000
795968,2016-03-31,1,10.0100,181.6667
795968,2016-06-30,0,0.0000,110.0000
795968,2016-12-31,0,0.0000,283.3333
795968,2017-06-30,0,0.0000,122.5000
795968,2017-09-30,0,0.0000,153.7500
795968,2018-03-31,0,0.0000,140.0000
795968,2018-09-30,0,0.0000,201.7500
795968,2018-12-31,0,0.0000,180.0000
795968,2019-06-30,1,35.1000,115.0000
795968,2019-09-30,0,0.0000,127.5000
795968,2020-03-31,0,0.0000,425.0000
795968,2020-12-31,0,0.0000,185.0000
795968,2021-06-30,0,0.0000,131.2500
795968,2021-09-30,0,0.0000,105.8333
795968,2022-06-30,0,0.0000,298.7500
795968,2022-09-30,0,0.0000,225.5000
795968,2022-12-31,0,0.0000,150.5000
795968,2023-03-31,0,0.0000,117.4000
795968,2023-06-30,0,0.0000,216.5833
795968,2023-09-30,0,0.0000,62.5000
795968,2023-12-31,0,0.0000,130.0000
795968,2024-03-31,0,0.0000,545.0000
795968,2024-06-30,0,0.0000,194.1667
795968,2024-09-30,0,0.0000,390.0000
795968,2024-12-31,1,40.0050,221.0000
795968,2025-03-31,0,0.0000,166.2500
795968,2025-06-30,0,0.0000,275.0000
795968,2025-09-30,0,0.0000,165.3125
795968,2025-12-31,5,58.0050,203.0000
838632,2013-06-30,0,0.0000,450.0000
867632,2016-12-31,0,0.0000,475.0000
867632,2017-06-30,0,0.0000,400.0000
867632,2017-12-31,1,100.0000,
867632,2019-09-30,0,0.0000,
867632,2019-12-31,0,0.0000,
867632,2020-09-30,0,0.0000,300.0000
867632,2022-06-30,0,0.0000,436.4000
911807,2013-09-30,0,0.0000,
911807,2014-12-31,0,0.0000,250.0000
911807,2015-03-31,0,0.0000,260.0000
911807,2015-09-30,0,0.0000,450.0000
911807,2015-12-31,0,0.0000,
911807,2016-12-31,0,0.0000,413.7500
911807,2017-06-30,1,9.9600,350.0000
911807,2018-06-30,0,0.0000,316.6667
911807,2018-12-31,1,20.0200,200.0000
911807,2019-03-31,0,0.0000,425.0000
911807,2019-06-30,0,0.0000,
911807,2019-09-30,0,0.0000,
911807,2019-12-31,0,0.0000,343.7500
911807,2020-03-31,0,0.0000,575.0000
911807,2020-06-30,0,0.0000,
911807,2020-09-30,0,0.0000,425.0000
911807,2020-12-31,0,0.0000,300.0000
911807,2021-03-31,0,0.0000,583.3333
911807,2021-06-30,0,0.0000,233.3333
911807,2021-09-30,0,0.0000,237.5000
911807,2021-12-31,0,0.0000,300.0000
911807,2022-03-31,0,0.0000,225.0000
911807,2022-06-30,0,0.0000,200.0000
911807,2023-12-31,0,0.0000,
918918,2010-09-30,0,0.0000,
918918,2011-03-31,0,0.0000,212.5000
918918,2022-03-31,0,0.0000,
933957,2010-09-30,0,0.0000,
933957,2012-12-31,0,0.0000,200.0000
933957,2013-09-30,0,0.0000,325.0000
933957,2013-12-31,1,9.9900,227.5000
933957,2014-12-31,2,30.0140,215.0000
933957,2015-09-30,1,25.0050,225.0000
933957,2017-06-30,0,0.0000,600.0000
933957,2017-09-30,0,0.0000,225.0000
933957,2018-06-30,0,0.0000,285.0000
933957,2018-12-31,0,0.0000,150.0000
933957,2019-06-30,0,0.0000,215.0000
933957,2019-12-31,0,0.0000,145.0000
933957,2020-09-30,0,0.0000,300.0000
933957,2021-03-31,0,0.0000,550.0000
933957,2021-06-30,0,0.0000,
978154,2010-03-31,1,15.0000,262.5000
978154,2010-06-30,3,84.9998,241.6667
978154,2010-09-30,1,26.2503,275.0000
978154,2010-12-31,1,35.0000,293.3333
978154,2011-06-30,4,91.7900,225.0000
978154,2013-06-30,0,0.0000,
978154,2014-06-30,0,0.0000,175.0000
978154,2016-03-31,0,0.0000,200.0000
978154,2016-09-30,0,0.0000,320.0000
978154,2016-12-31,1,2.2060,
978154,2017-12-31,0,0.0000,
978154,2018-03-31,0,0.0000,
978154,2018-06-30,0,0.0000,300.0000
978154,2018-09-30,0,0.0000,365.0000
978154,2018-12-31,0,0.0000,
978154,2019-03-31,1,24.9960,350.0000
978154,2019-06-30,0,0.0000,175.0000
978154,2019-09-30,0,0.0000,250.0000
978154,2019-12-31,0,0.0000,300.0000
978154,2020-03-31,0,0.0000,
978154,2020-06-30,2,10.0000,150.0000
978154,2020-09-30,0,0.0000,325.0000
978154,2020-12-31,0,0.0000,287.5000
978154,2021-06-30,0,0.0000,
978154,2021-09-30,0,0.0000,300.0000
978154,2021-12-31,0,0.0000,
978154,2022-03-31,0,0.0000,280.0000
978154,2022-06-30,0,0.0000,250.0000
978154,2022-09-30,0,0.0000,375.0000
978154,2022-12-31,0,0.0000,280.0000
978154,2023-06-30,0,0.0000,225.0000
980661,2021-12-31,1,15.0000,167.2222
980661,2022-03-31,0,0.0000,123.5714
980661,2022-06-30,0,0.0000,216.1364
980661,2022-09-30,0,0.0000,140.7955
980661,2022-12-31,0,0.0000,183.5000
980661,2023-03-31,0,0.0000,163.6667
980661,2023-06-30,0,0.0000,264.3750
980661,2023-09-30,0,0.0000,155.7500
980661,2023-12-31,1,13.5000,145.5000
980661,2024-03-31,0,0.0000,278.1250
980661,2024-06-30,0,0.0000,204.6875
980661,2024-09-30,0,0.0000,
980661,2024-12-31,2,88.3604,113.3333
980661,2025-03-31,0,0.0000,178.1250
980661,2025-06-30,4,75.0068,164.1071
980661,2025-09-30,0,0.0000,158.9062
980661,2025-12-31,2,58.4900,131.8750
983448,2010-03-31,3,32.1952,273.3333
983448,2010-06-30,10,222.4465,314.1667
983448,2010-09-30,2,30.9999,393.7500
983448,2010-12-31,5,143.0200,276.7857
983448,2011-03-31,3,72.4450,407.2222
983448,2011-06-30,4,88.9700,390.3846
983448,2011-09-30,0,0.0000,350.0000
983448,2011-12-31,0,0.0000,200.0000
983448,2012-03-31,0,0.0000,525.0000
983448,2012-06-30,0,0.0000,300.0000
983448,2012-12-31,0,0.0000,170.0000
983448,2013-09-30,0,0.0000,125.0000
983448,2025-09-30,0,0.0000,225.0000
1007846,2011-06-30,1,10.0050,
1007846,2012-06-30,0,0.0000,241.2500
1007846,2012-09-30,1,15.0020,358.3333
1007846,2012-12-31,3,45.0175,208.3333
1007846,2013-03-31,0,0.0000,
1007846,2013-06-30,2,15.0150,205.0000
1007846,2013-09-30,3,34.0560,187.5000
1007846,2014-03-31,0,0.0000,137.5000
1007846,2014-06-30,0,0.0000,325.0000
1007846,2014-09-30,0,0.0000,175.0000
1007846,2015-03-31,0,0.0000,425.0000
1007846,2015-06-30,0,0.0000,179.1667
1007846,2015-09-30,0,0.0000,308.3333
1007846,2015-12-31,1,22.5165,219.0000
1007846,2016-03-31,2,37.4858,405.0000
1007846,2016-06-30,2,41.3071,150.0000
1007846,2016-09-30,3,35.3511,306.2500
1007846,2016-12-31,0,0.0000,342.8571
1007846,2017-03-31,0,0.0000,339.2857
1007846,2017-06-30,2,24.9900,368.7500
1007846,2017-09-30,0,0.0000,456.2500
1007846,2017-12-31,0,0.0000,400.0000
1007846,2018-03-31,0,0.0000,275.0000
1007846,2018-06-30,0,0.0000,275.0000
1007846,2018-09-30,0,0.0000,321.1111
1007846,2018-12-31,0,0.0000,322.7273
1007846,2019-03-31,0,0.0000,300.0000
1007846,2019-06-30,0,0.0000,425.0000
1007846,2019-09-30,0,0.0000,300.0000
1007846,2019-12-31,0,0.0000,248.7500
1007846,2020-03-31,0,0.0000,306.2500
1007846,2020-06-30,0,0.0000,
1007846,2020-09-30,0,0.0000,362.5000
1007846,2020-12-31,0,0.0000,356.2500
1007846,2021-03-31,0,0.0000,300.0000
1007846,2021-06-30,0,0.0000,281.2500
1007846,2021-09-30,0,0.0000,291.6667
1007846,2021-12-31,0,0.0000,338.3333
1007846,2022-03-31,0,0.0000,187.5000
1007846,2022-06-30,0,0.0000,324.5000
1017939,2013-06-30,0,0.0000,188.0000
1017939,2013-09-30,0,0.0000,375.0000
1017939,2014-06-30,4,29.9725,175.0000
1017939,2014-09-30,2,12.4970,300.0000
1017939,2014-12-31,0,0.0000,162.5000
1017939,2015-03-31,0,0.0000,281.2500
1017939,2015-06-30,3,17.4970,278.5714
1017939,2015-09-30,0,0.0000,155.0000
1017939,2015-12-31,0,0.0000,265.0000
1017939,2016-03-31,0,0.0000,112.5000
1017939,2016-06-30,0,0.0000,275.0000
1017939,2016-09-30,0,0.0000,475.0000
1017939,2016-12-31,0,0.0000,250.0000
1017939,2017-03-31,1,11.8800,388.3333
1017939,2017-06-30,0,0.0000,217.8571
1017939,2017-09-30,0,0.0000,225.0000
1017939,2017-12-31,0,0.0000,250.0000
1017939,2018-03-31,0,0.0000,293.5714
1017939,2018-06-30,0,0.0000,312.5000
1017939,2018-09-30,0,0.0000,366.6667
1017939,2018-12-31,0,0.0000,246.6667
1017939,2019-03-31,0,0.0000,225.0000
1017939,2019-06-30,0,0.0000,177.5000
1017939,2019-09-30,0,0.0000,189.0000
1017939,2019-12-31,0,0.0000,375.0000
1017939,2020-03-31,0,0.0000,191.6667
1017939,2020-06-30,0,0.0000,
1017939,2020-09-30,0,0.0000,
1017939,2020-12-31,0,0.0000,207.5000
1017939,2021-06-30,0,0.0000,125.0000
1017939,2021-09-30,0,0.0000,
1017939,2021-12-31,0,0.0000,254.6875
1017939,2022-03-31,0,0.0000,208.7500
1017939,2022-06-30,0,0.0000,187.5000
1017939,2022-09-30,0,0.0000,125.0000
1017939,2022-12-31,2,53.0972,218.3333
1017939,2023-03-31,0,0.0000,
1017939,2023-06-30,0,0.0000,175.0000
1017939,2023-09-30,0,0.0000,
1017939,2023-12-31,0,0.0000,226.8750
1017939,2024-03-31,0,0.0000,262.5000
1017939,2024-06-30,0,0.0000,174.1667
1017939,2024-09-30,0,0.0000,231.2500
1017939,2024-12-31,0,0.0000,300.0000
1017939,2025-03-31,0,0.0000,287.5000
1017939,2025-06-30,0,0.0000,87.5000
1017939,2025-09-30,0,0.0000,225.0000
1017939,2025-12-31,0,0.0000,198.3333
1216022,2024-09-30,0,0.0000,225.0000
1456501,2010-03-31,24,1590.7184,282.3000
1456501,2010-06-30,47,5741.4897,293.3473
1456501,2010-09-30,40,3624.9098,295.5509
1456501,2010-12-31,61,3863.7669,304.9773
1456501,2011-03-31,41,3189.4585,255.2757
1456501,2011-06-30,62,4535.0821,284.9294
1456501,2011-09-30,35,2674.4801,251.2782
1456501,2011-12-31,58,3880.8189,252.4304
1456501,2012-03-31,39,2207.0958,277.6689
1456501,2012-06-30,68,5806.3062,302.6667
1456501,2012-09-30,34,2111.6046,316.4970
1456501,2012-12-31,75,3974.1067,350.2091
1456501,2013-03-31,22,1187.5530,357.4636
1456501,2013-06-30,51,5279.4459,330.6088
1456501,2013-09-30,43,17879.5385,306.1090
1456501,2013-12-31,34,2017.2917,306.2663
1456501,2014-03-31,18,1835.7246,327.2188
1456501,2014-06-30,38,2534.3924,294.4375
1456501,2014-09-30,52,6908.5124,292.5725
1456501,2014-12-31,38,3163.5786,248.3300
1456501,2015-03-31,42,5765.9659,276.8182
1456501,2015-06-30,43,5047.8675,290.8160
1456501,2015-09-30,32,4606.5972,275.7371
1456501,2015-12-31,55,4915.4801,243.9045
1456501,2016-03-31,22,3094.4086,268.1992
1456501,2016-06-30,49,5810.9541,311.3193
1456501,2016-09-30,26,2069.4222,300.2518
1456501,2016-12-31,27,1453.0335,327.2691
1456501,2017-03-31,13,864.5636,306.8088
1456501,2017-06-30,16,2201.6735,324.1495
1456501,2017-09-30,9,1578.4754,300.0747
1456501,2017-12-31,16,1798.4811,286.4782
1456501,2018-03-31,14,6049.3884,273.5824
1456501,2018-06-30,15,1719.3158,273.8328
1456501,2018-09-30,11,921.4079,336.0881
1456501,2018-12-31,20,2158.0518,268.7021
1456501,2019-03-31,14,1926.9978,244.0644
1456501,2019-06-30,13,941.8671,272.7554
1456501,2019-09-30,10,676.8365,299.5652
1456501,2019-12-31,32,3560.5657,257.6021
1456501,2020-03-31,19,3170.1366,271.3871
1456501,2020-06-30,12,818.4886,274.5946
1456501,2020-09-30,9,178.9384,327.9125
1456501,2020-12-31,14,1521.3019,338.7963
1456501,2021-03-31,15,13601.0069,324.5188
1456501,2021-06-30,26,2556.9778,282.9292
1456501,2021-09-30,17,1325.0010,296.0328
1456501,2021-12-31,28,2723.9900,296.1296
1456501,2022-03-31,18,1897.3324,313.2168
1456501,2022-06-30,19,1070.4135,263.4275
1456501,2022-09-30,16,1605.0814,282.4380
1456501,2022-12-31,22,2266.0140,286.1568
1456501,2023-03-31,15,1538.7506,289.5403
1456501,2023-06-30,16,1084.0683,270.7665
1456501,2023-09-30,15,1001.8945,314.1084
1456501,2023-12-31,14,910.6588,316.7181
1456501,2024-03-31,15,936.3444,305.0974
1456501,2024-06-30,18,1464.0345,290.5612
1456501,2024-09-30,27,2548.9013,286.7868
1456501,2024-12-31,43,13054.3812,281.6436
1456501,2025-03-31,31,5750.4737,277.6301
1456501,2025-06-30,53,4775.0914,257.6875
1456501,2025-09-30,33,3323.4144,279.7237
1456501,2025-12-31,52,7048.9615,243.1998
1718188,2010-12-31,0,0.0000,145.0000
1718188,2011-09-30,0,0.0000,275.0000
1718188,2012-12-31,2,9.9970,275.0000
1718188,2016-12-31,0,0.0000,200.0000
1718188,2017-12-31,0,0.0000,425.0000
1718188,2018-03-31,0,0.0000,262.5000
1718188,2018-09-30,0,0.0000,300.0000
1718188,2018-12-31,0,0.0000,275.0000
1718188,2019-03-31,0,0.0000,125.0000
1718188,2020-03-31,0,0.0000,125.0000
1718188,2020-06-30,0,0.0000,300.0000
1718188,2020-12-31,0,0.0000,175.0000
1718188,2021-06-30,0,0.0000,125.0000
1718188,2021-12-31,0,0.0000,175.0000
1718188,2022-06-30,0,0.0000,225.0000
1718188,2022-09-30,0,0.0000,125.0000
1718188,2022-12-31,0,0.0000,125.0000
1718188,2023-09-30,0,0.0000,225.0000
1718188,2023-12-31,0,0.0000,245.0000
1718188,2025-03-31,0,0.0000,150.0000
1718188,2025-06-30,0,0.0000,225.0000
1718188,2025-09-30,0,0.0000,166.6667
1718188,2025-12-31,0,0.0000,218.7500
2132941,2010-12-31,1,9.9990,300.0000
2132941,2011-09-30,1,7.5000,150.0000
2132941,2011-12-31,2,10.0000,316.6667
2132941,2012-03-31,0,0.0000,300.0000
2132941,2012-09-30,0,0.0000,225.0000
2132941,2016-12-31,0,0.0000,500.0000
2132941,2017-03-31,0,0.0000,215.0000
2132941,2017-06-30,0,0.0000,
2132941,2019-09-30,0,0.0000,250.0000
2132941,2020-12-31,0,0.0000,250.0000
2132941,2021-03-31,0,0.0000,250.0000
2132941,2022-06-30,0,0.0000,400.0000
2132941,2024-12-31,1,30.0000,400.0000
2182786,2010-03-31,27,1824.9402,312.4194
2182786,2010-06-30,59,4195.1477,315.7111
2182786,2010-09-30,37,6127.5225,309.1383
2182786,2010-12-31,59,3263.6972,310.6176
2182786,2011-03-31,50,4518.9455,304.6319
2182786,2011-06-30,66,4078.1573,277.3913
2182786,2011-09-30,31,1849.0147,252.2400
2182786,2011-12-31,54,4494.5191,248.9888
2182786,2012-03-31,43,2909.3917,282.2685
2182786,2012-06-30,68,4694.2552,309.6061
2182786,2012-09-30,35,2914.3497,304.6797
2182786,2012-12-31,39,2364.6192,361.8125
2182786,2013-03-31,36,1974.4307,338.0395
2182786,2013-06-30,67,5387.6383,326.0575
2182786,2013-09-30,44,4769.3414,326.7373
2182786,2013-12-31,41,3227.9358,307.2778
2182786,2014-03-31,38,6915.4601,328.1922
2182786,2014-06-30,45,4475.8850,308.3989
2182786,2014-09-30,34,3190.5787,313.6833
2182786,2014-12-31,41,6132.0507,277.0992
2182786,2015-03-31,42,5601.8082,293.9497
2182786,2015-06-30,58,4333.8669,280.2769
2182786,2015-09-30,51,7534.5227,285.5117
2182786,2015-12-31,57,6032.7435,289.9329
2182786,2016-03-31,44,3624.3304,262.5879
2182786,2016-06-30,51,7633.8400,282.3065
2182786,2016-09-30,34,3162.0477,299.8922
2182786,2016-12-31,44,6311.3067,303.3972
2182786,2017-03-31,22,1412.7152,309.6331
2182786,2017-06-30,31,1582.4975,302.4142
2182786,2017-09-30,20,1463.8529,315.9057
2182786,2017-12-31,23,2766.7878,299.6555
2182786,2018-03-31,12,4665.6979,300.4836
2182786,2018-06-30,24,2594.6604,275.2657
2182786,2018-09-30,23,3153.6160,314.2674
2182786,2018-12-31,29,4470.1680,299.1229
2182786,2019-03-31,15,1573.7251,295.8553
2182786,2019-06-30,22,1608.9779,289.9865
2182786,2019-09-30,14,916.0313,305.6337
2182786,2019-12-31,45,4816.5757,266.8933
2182786,2020-03-31,25,3009.5982,284.6054
2182786,2020-06-30,15,2867.4607,262.2000
2182786,2020-09-30,11,1177.2233,318.6111
2182786,2020-12-31,18,1686.3104,356.2692
2182786,2021-03-31,21,1778.8670,313.5470
2182786,2021-06-30,34,3873.7262,285.4664
2182786,2021-09-30,22,2089.9886,311.5399
2182786,2021-12-31,16,1363.3895,315.7993
2182786,2022-03-31,26,4046.0262,278.6610
2182786,2022-06-30,31,3320.7040,260.9990
2182786,2022-09-30,26,2059.5516,245.6233
2182786,2022-12-31,22,2752.8350,260.9294
2182786,2023-03-31,17,2165.2042,290.2232
2182786,2023-06-30,26,1500.6271,292.4822
2182786,2023-09-30,30,1489.8697,326.2946
2182786,2023-12-31,16,869.4287,313.5948
2182786,2024-03-31,20,1622.8371,320.5380
2182786,2024-06-30,34,2397.3414,290.5757
2182786,2024-09-30,40,3570.4437,290.1590
2182786,2024-12-31,38,2745.0978,294.4044
2182786,2025-03-31,34,4094.1340,282.3996
2182786,2025-06-30,61,4678.4750,256.5908
2182786,2025-09-30,52,5589.9461,286.6027
2182786,2025-12-31,63,6642.7406,262.0134
2736219,2019-06-30,0,0.0000,
2736219,2021-03-31,0,0.0000,
2736219,2021-06-30,0,0.0000,
2736219,2021-09-30,0,0.0000,
2736219,2021-12-31,0,0.0000,275.0000
2736219,2022-03-31,0,0.0000,
2736219,2023-03-31,0,0.0000,
2736219,2023-06-30,0,0.0000,
2736219,2023-09-30,0,0.0000,
2736219,2024-03-31,0,0.0000,
2736219,2024-06-30,0,0.0000,
2736219,2024-09-30,0,0.0000,
2736219,2024-12-31,0,0.0000,
2736219,2025-06-30,0,0.0000,250.0000
2736291,2013-09-30,0,0.0000,
2736291,2016-09-30,0,0.0000,366.6667
2736291,2017-06-30,0,0.0000,150.0000
2736291,2018-03-31,0,0.0000,300.0000
2860440,2013-03-31,1,7.0014,300.0000
2860440,2019-12-31,0,0.0000,250.0000
3284070,2010-03-31,0,0.0000,410.0000
3284070,2010-06-30,0,0.0000,517.8571
3284070,2010-09-30,1,25.0000,455.0000
3284070,2010-12-31,1,24.9975,490.0000
3284070,2011-03-31,1,10.0005,493.8235
3284070,2011-06-30,0,0.0000,422.5000
3284070,2011-09-30,0,0.0000,466.6667
3284070,2011-12-31,0,0.0000,514.2857
3284070,2012-03-31,0,0.0000,581.5789
3284070,2012-06-30,0,0.0000,544.1176
3284070,2012-09-30,0,0.0000,500.0000
3284070,2012-12-31,2,24.1200,491.2500
3284070,2013-03-31,0,0.0000,450.0000
3284070,2013-06-30,1,2.7500,446.2500
3284070,2013-09-30,0,0.0000,485.1852
3284070,2013-12-31,3,21.7170,445.0000
3284070,2014-03-31,0,0.0000,480.8824
3284070,2014-06-30,0,0.0000,461.4583
3284070,2014-09-30,0,0.0000,439.2857
3284070,2014-12-31,4,69.9600,425.6579
3284070,2015-03-31,0,0.0000,476.8519
3284070,2015-06-30,0,0.0000,487.1429
3284070,2015-09-30,0,0.0000,477.1739
3284070,2015-12-31,3,18.5010,429.6296
3284070,2016-03-31,0,0.0000,474.5763
3284070,2016-06-30,0,0.0000,497.1875
3284070,2016-09-30,0,0.0000,475.8909
3284070,2016-12-31,0,0.0000,473.4848
3284070,2017-03-31,0,0.0000,489.4186
3284070,2017-06-30,0,0.0000,460.1351
3284070,2017-09-30,0,0.0000,411.7188
3284070,2017-12-31,0,0.0000,412.0455
3284070,2018-03-31,0,0.0000,453.3636
3284070,2018-06-30,0,0.0000,418.6857
3284070,2018-09-30,0,0.0000,401.3043
3284070,2018-12-31,0,0.0000,460.9615
3284070,2019-03-31,0,0.0000,397.8261
3284070,2019-06-30,0,0.0000,433.9474
3284070,2019-09-30,0,0.0000,434.1667
3284070,2019-12-31,0,0.0000,439.0476
3284070,2020-03-31,1,34.9200,260.2273
3284070,2020-06-30,0,0.0000,358.4211
3284070,2020-09-30,0,0.0000,470.5000
3284070,2020-12-31,0,0.0000,380.5000
3284070,2021-03-31,0,0.0000,387.5000
3284070,2021-06-30,0,0.0000,412.6129
3284070,2021-09-30,0,0.0000,425.0000
3284070,2021-12-31,0,0.0000,360.0000
3284070,2022-03-31,0,0.0000,349.2308
3284070,2022-06-30,0,0.0000,445.4545
3284070,2022-09-30,0,0.0000,350.0000
3284070,2022-12-31,0,0.0000,396.4286
3284070,2023-03-31,0,0.0000,462.9167
3284070,2023-06-30,0,0.0000,465.2500
3284070,2023-09-30,0,0.0000,477.7778
3284070,2023-12-31,0,0.0000,400.0000
3284070,2024-03-31,0,0.0000,454.1667
3284070,2024-06-30,0,0.0000,457.1429
3284070,2024-09-30,0,0.0000,378.7500
3284070,2024-12-31,7,66.9929,327.0455
3284070,2025-03-31,3,125.5028,370.0000
3284070,2025-06-30,0,0.0000,350.0000
3284070,2025-09-30,1,132.5000,315.0000
3284070,2025-12-31,1,20.5212,250.0000
3402913,2022-06-30,0,0.0000,
3402913,2022-09-30,0,0.0000,400.0000
3402913,2023-12-31,0,0.0000,
3402913,2024-12-31,0,0.0000,275.0000
3402913,2025-06-30,0,0.0000,
3783313,2020-12-31,0,0.0000,
3783313,2023-06-30,0,0.0000,
3783313,2023-09-30,0,0.0000,
3783313,2023-12-31,0,0.0000,
3783313,2024-03-31,0,0.0000,335.0000
3783313,2025-09-30,0,0.0000,250.0000
4114567,2010-12-31,0,0.0000,350.0000
4114567,2011-12-31,0,0.0000,225.0000
4114567,2012-09-30,0,0.0000,241.6667
4114567,2013-03-31,0,0.0000,275.0000
4114567,2013-09-30,0,0.0000,350.0000
4114567,2013-12-31,0,0.0000,291.6667
4114567,2014-03-31,0,0.0000,312.5000
4114567,2014-09-30,0,0.0000,225.0000
4114567,2014-12-31,0,0.0000,
4114567,2015-06-30,0,0.0000,352.0000
4114567,2015-12-31,1,40.0000,155.0000
4114567,2016-03-31,0,0.0000,300.0000
4114567,2016-06-30,0,0.0000,225.0000
4114567,2016-12-31,2,45.0000,241.6667
4114567,2017-03-31,0,0.0000,300.0000
4114567,2017-06-30,0,0.0000,200.0000
4114567,2017-09-30,0,0.0000,337.5000
4114567,2017-12-31,0,0.0000,275.0000
4114567,2018-03-31,0,0.0000,175.0000
4114567,2018-06-30,0,0.0000,275.0000
4114567,2018-12-31,0,0.0000,225.0000
4114567,2019-06-30,0,0.0000,225.0000
4114567,2020-06-30,0,0.0000,225.0000
4114567,2020-12-31,0,0.0000,
4114567,2021-09-30,0,0.0000,225.0000
4114567,2022-06-30,0,0.0000,
